"","time","sample_id","group","type","mutation_type","gen_rearr","mean_amount","sd_amount"
"1",0,"13_1","ev_pop_1","cfu","spacer_deletion","NO",112030.769233846,59391.1026135139
"2",0,"13_1","ev_pop_1","pfu","spacer_deletion","NO",59722.2222225,20504.5055407391
"3",0,"13_2","ev_pop_1","cfu","spacer_deletion","NO",111199.145299231,57081.5416365221
"4",0,"13_2","ev_pop_1","pfu","spacer_deletion","NO",50465.7407408333,15934.6106721621
"5",0,"13_3","ev_pop_1","cfu","large_deletion","DEL",113250.427343077,48031.6345060058
"6",0,"13_3","ev_pop_1","pfu","large_deletion","DEL",36383.3333333333,11517.0458745523
"7",0,"13_4","ev_pop_1","cfu","large_deletion","DUP",116809.401703846,61795.308237525
"8",0,"13_4","ev_pop_1","pfu","large_deletion","DUP",29003.333333,10873.0977085676
"9",0,"13_5","ev_pop_1","cfu","spacer_mutation","NO",115301.709404615,50038.7528516631
"10",0,"13_5","ev_pop_1","pfu","spacer_mutation","NO",47685.4629625,22701.2975073387
"11",0,"13_6","ev_pop_1","cfu","spacer_mutation","NO",95900.0000007692,51660.8833887021
"12",0,"13_6","ev_pop_1","pfu","spacer_mutation","NO",39357.4074066667,15924.1036855113
"13",0,"14_1","ev_pop_2","cfu","large_deletion","DEL",103530.555555833,42887.5472454871
"14",0,"14_1","ev_pop_2","pfu","large_deletion","DEL",37930.3703706667,18745.2538220695
"15",0,"14_2","ev_pop_2","cfu","cas_mutation","NO",89842.5925933333,48363.4444303733
"16",0,"14_2","ev_pop_2","pfu","cas_mutation","NO",36821.481482,14159.3142861044
"17",0,"14_3","ev_pop_2","cfu","large_deletion","DUP",80447.4747463636,30186.7856343043
"18",0,"14_3","ev_pop_2","pfu","large_deletion","DUP",36091.851852,6913.51520870829
"19",0,"14_4","ev_pop_2","cfu","spacer_deletion","NO",86815.7407408333,51420.6682971041
"20",0,"14_4","ev_pop_2","pfu","spacer_deletion","NO",37699.2592593333,12506.1201713397
"21",0,"14_5","ev_pop_2","cfu","spacer_mutation","NO",80994.9494945454,22644.363408394
"22",0,"14_5","ev_pop_2","pfu","spacer_mutation","NO",36213.3333333333,8422.32085216781
"23",0,"14_6","ev_pop_2","cfu","large_deletion","DUP",110639.814815,54869.4660474171
"24",0,"14_6","ev_pop_2","pfu","large_deletion","DUP",23039.2592593333,8497.21073311833
"25",0,"15_1","ev_pop_3","cfu","cas_mutation","NO",103846.153843846,52226.8246272137
"26",0,"15_1","ev_pop_3","pfu","cas_mutation","NO",46211.1111117333,13522.0924462975
"27",0,"15_2","ev_pop_3","cfu","spacer_deletion","NO",93387.1794876923,51757.4773120645
"28",0,"15_2","ev_pop_3","pfu","spacer_deletion","NO",37634.0740746667,11177.9446068817
"29",0,"15_3","ev_pop_3","cfu","cas_mutation","NO",84810.2564107692,40300.3570093242
"30",0,"15_3","ev_pop_3","pfu","cas_mutation","NO",40675.5555550667,16851.354071246
"31",0,"15_4","ev_pop_3","cfu","large_deletion","DEL",88951.2820538462,36122.1232667011
"32",0,"15_4","ev_pop_3","pfu","large_deletion","DEL",34817.0370366667,12441.9497687119
"33",0,"15_5","ev_pop_3","cfu","large_deletion","DEL",97664.1025646154,48738.4645343353
"34",0,"15_5","ev_pop_3","pfu","large_deletion","DEL",37479.2592593333,12584.3887694794
"35",0,"15_6","ev_pop_3","cfu","cas_deletion","NO",95151.2820507692,37881.2196398026
"36",0,"15_6","ev_pop_3","pfu","cas_deletion","NO",42448.8888893333,16831.1967842691
"37",2,"13_1","ev_pop_1","cfu","spacer_deletion","NO",378333.3333325,313012.049636434
"38",2,"13_1","ev_pop_1","pfu","spacer_deletion","NO",88888.8888866667,47297.3258913659
"39",2,"13_2","ev_pop_1","cfu","spacer_deletion","NO",305833.33333,257856.589162087
"40",2,"13_2","ev_pop_1","pfu","spacer_deletion","NO",92222.2222133333,41677.77629287
"41",2,"13_3","ev_pop_1","cfu","large_deletion","DEL",353333.3333075,354540.216928376
"42",2,"13_3","ev_pop_1","pfu","large_deletion","DEL",75185.1851866667,31609.7604350901
"43",2,"13_4","ev_pop_1","cfu","large_deletion","DUP",320833.333314,306459.101775806
"44",2,"13_4","ev_pop_1","pfu","large_deletion","DUP",87777.77779,20757.2685596642
"45",2,"13_5","ev_pop_1","cfu","spacer_mutation","NO",264444.4444555,257343.184092347
"46",2,"13_5","ev_pop_1","pfu","spacer_mutation","NO",86666.66664,29834.9368278364
"47",2,"13_6","ev_pop_1","cfu","spacer_mutation","NO",284444.444436,221918.310684222
"48",2,"13_6","ev_pop_1","pfu","spacer_mutation","NO",97777.7777766667,29834.9368518574
"49",2,"14_1","ev_pop_2","cfu","large_deletion","DEL",488888.888866667,50917.5077253685
"50",2,"14_1","ev_pop_2","pfu","large_deletion","DEL",121481.481473333,74322.7307969565
"51",2,"14_2","ev_pop_2","cfu","cas_mutation","NO",381481.4815,189324.117304281
"52",2,"14_2","ev_pop_2","pfu","cas_mutation","NO",185925.925926667,167628.09120303
"53",2,"14_3","ev_pop_2","cfu","large_deletion","DUP",433333.333333333,193728.841947886
"54",2,"14_3","ev_pop_2","pfu","large_deletion","DUP",112592.592593333,80892.6535585375
"55",2,"14_4","ev_pop_2","cfu","spacer_deletion","NO",451851.851833333,209742.150142451
"56",2,"14_4","ev_pop_2","pfu","spacer_deletion","NO",140370.37038,115557.336192962
"57",2,"14_5","ev_pop_2","cfu","spacer_mutation","NO",429629.629633333,155687.77449155
"58",2,"14_5","ev_pop_2","pfu","spacer_mutation","NO",168518.518533333,176076.348963677
"59",2,"14_6","ev_pop_2","cfu","large_deletion","DUP",444444.444466667,153960.07174541
"60",2,"14_6","ev_pop_2","pfu","large_deletion","DUP",77407.4074,48052.6117579223
"61",2,"15_1","ev_pop_3","cfu","cas_mutation","NO",216944.44443,158867.843723669
"62",2,"15_1","ev_pop_3","pfu","cas_mutation","NO",90740.7407466667,31453.1462983046
"63",2,"15_2","ev_pop_3","cfu","spacer_deletion","NO",200833.33333325,146181.506761197
"64",2,"15_2","ev_pop_3","pfu","spacer_deletion","NO",94814.8148033333,16972.5025558469
"65",2,"15_3","ev_pop_3","cfu","cas_mutation","NO",288888.8889,48432.210435353
"66",2,"15_3","ev_pop_3","pfu","cas_mutation","NO",90740.7407466667,33945.0051607929
"67",2,"15_4","ev_pop_3","cfu","large_deletion","DEL",296296.2963,117763.800689339
"68",2,"15_4","ev_pop_3","pfu","large_deletion","DEL",102592.59259,37289.8776999353
"69",2,"15_5","ev_pop_3","cfu","large_deletion","DEL",303703.7037,144586.824369708
"70",2,"15_5","ev_pop_3","pfu","large_deletion","DEL",94814.8148,32533.6166553136
"71",2,"15_6","ev_pop_3","cfu","cas_deletion","NO",337037.037033333,89810.0418377428
"72",2,"15_6","ev_pop_3","pfu","cas_deletion","NO",89259.25925,32854.5866980298
"73",3,"13_1","ev_pop_1","cfu","spacer_deletion","NO",1333333.33355,1728483.24322258
"74",3,"13_1","ev_pop_1","pfu","spacer_deletion","NO",685185.185166667,204979.171884614
"75",3,"13_2","ev_pop_1","cfu","spacer_deletion","NO",822222.222063333,684574.302050245
"76",3,"13_2","ev_pop_1","pfu","spacer_deletion","NO",688888.8889,184925.744176239
"77",3,"13_3","ev_pop_1","cfu","large_deletion","DEL",1344444.44441,1588655.77149263
"78",3,"13_3","ev_pop_1","pfu","large_deletion","DEL",533333.333333333,280431.765909923
"79",3,"13_4","ev_pop_1","cfu","large_deletion","DUP",1051851.85179,1089644.48450452
"80",3,"13_4","ev_pop_1","pfu","large_deletion","DUP",511111.1111,283496.684918236
"81",3,"13_5","ev_pop_1","cfu","spacer_mutation","NO",851851.85196,795227.53444914
"82",3,"13_5","ev_pop_1","pfu","spacer_mutation","NO",588888.888866667,226895.309499696
"83",3,"13_6","ev_pop_1","cfu","spacer_mutation","NO",855555.55569,748413.961050069
"84",3,"13_6","ev_pop_1","pfu","spacer_mutation","NO",551851.851833333,132559.482746923
"85",3,"14_1","ev_pop_2","cfu","large_deletion","DEL",937037.036933333,350719.425020379
"86",3,"14_1","ev_pop_2","pfu","large_deletion","DEL",551851.851866667,208561.603336117
"87",3,"14_2","ev_pop_2","cfu","cas_mutation","NO",1307407.40726667,985470.579397156
"88",3,"14_2","ev_pop_2","pfu","cas_mutation","NO",766666.666733333,342287.151226951
"89",3,"14_3","ev_pop_2","cfu","large_deletion","DUP",1011111.111,281749.384991058
"90",3,"14_3","ev_pop_2","pfu","large_deletion","DUP",577777.777766667,126197.963263485
"91",3,"14_4","ev_pop_2","cfu","spacer_deletion","NO",1262962.9629,831207.16404729
"92",3,"14_4","ev_pop_2","pfu","spacer_deletion","NO",718518.5185,97076.6105341465
"93",3,"14_5","ev_pop_2","cfu","spacer_mutation","NO",1125925.926,564629.599389501
"94",3,"14_5","ev_pop_2","pfu","spacer_mutation","NO",766666.666666667,211986.489222402
"95",3,"14_6","ev_pop_2","cfu","large_deletion","DUP",1296296.29623333,803797.570758716
"96",3,"14_6","ev_pop_2","pfu","large_deletion","DUP",485185.1852,147545.068818564
"97",3,"15_1","ev_pop_3","cfu","cas_mutation","NO",733333.33321,655743.852276939
"98",3,"15_1","ev_pop_3","pfu","cas_mutation","NO",640740.740733333,215547.9189325
"99",3,"15_2","ev_pop_3","cfu","spacer_deletion","NO",681481.481466667,504343.275860805
"100",3,"15_2","ev_pop_3","pfu","spacer_deletion","NO",781481.481466667,161907.355504247
"101",3,"15_3","ev_pop_3","cfu","cas_mutation","NO",1048148.1481,1001500.93116798
"102",3,"15_3","ev_pop_3","pfu","cas_mutation","NO",686111.11115,322716.734248333
"103",3,"15_4","ev_pop_3","cfu","large_deletion","DEL",1229629.62975667,1321490.61632031
"104",3,"15_4","ev_pop_3","pfu","large_deletion","DEL",627777.777775,302866.959337994
"105",3,"15_5","ev_pop_3","cfu","large_deletion","DEL",1114814.8147,1126577.54031291
"106",3,"15_5","ev_pop_3","pfu","large_deletion","DEL",627777.7778,361125.3558248
"107",3,"15_6","ev_pop_3","cfu","cas_deletion","NO",837037.037193333,739730.793200536
"108",3,"15_6","ev_pop_3","pfu","cas_deletion","NO",644444.4445,343187.671396451
"109",4,"13_1","ev_pop_1","cfu","spacer_deletion","NO",3325925.92566667,2763548.74116835
"110",4,"13_1","ev_pop_1","pfu","spacer_deletion","NO",2750000,2488384.5385313
"111",4,"13_2","ev_pop_1","cfu","spacer_deletion","NO",3318518.51833333,2911139.3834095
"112",4,"13_2","ev_pop_1","pfu","spacer_deletion","NO",2827777.77775,2789257.7593239
"113",4,"13_3","ev_pop_1","cfu","large_deletion","DEL",3325925.92606667,2517134.69621203
"114",4,"13_3","ev_pop_1","pfu","large_deletion","DEL",2297222.222025,2694322.25753335
"115",4,"13_4","ev_pop_1","cfu","large_deletion","DUP",3296296.29643333,2566001.19654588
"116",4,"13_4","ev_pop_1","pfu","large_deletion","DUP",2327777.77795,2424658.98494856
"117",4,"13_5","ev_pop_1","cfu","spacer_mutation","NO",2274074.07396667,1547013.58380689
"118",4,"13_5","ev_pop_1","pfu","spacer_mutation","NO",2330555.5555,2447983.54915925
"119",4,"13_6","ev_pop_1","cfu","spacer_mutation","NO",2262962.96286667,1574108.93193706
"120",4,"13_6","ev_pop_1","pfu","spacer_mutation","NO",2688888.88895,2740400.37938576
"121",4,"14_1","ev_pop_2","cfu","large_deletion","DEL",4148148.14833333,570177.937698277
"122",4,"14_1","ev_pop_2","pfu","large_deletion","DEL",2977777.77776667,2216436.91355559
"123",4,"14_2","ev_pop_2","cfu","cas_mutation","NO",4333333.33366667,484322.10492707
"124",4,"14_2","ev_pop_2","pfu","cas_mutation","NO",3977777.778,2459850.44194024
"125",4,"14_3","ev_pop_2","cfu","large_deletion","DUP",5e+06,2247083.15774906
"126",4,"14_3","ev_pop_2","pfu","large_deletion","DUP",3348148.148,2162112.97363398
"127",4,"14_4","ev_pop_2","cfu","spacer_deletion","NO",4407407.40733333,1880154.09597543
"128",4,"14_4","ev_pop_2","pfu","spacer_deletion","NO",3470370.37033333,1882877.14347336
"129",4,"14_5","ev_pop_2","cfu","spacer_mutation","NO",3888888.889,1724908.29985642
"130",4,"14_5","ev_pop_2","pfu","spacer_mutation","NO",4459259.25933333,2792081.68989824
"131",4,"14_6","ev_pop_2","cfu","large_deletion","DUP",4407407.40733333,1607595.14133773
"132",4,"14_6","ev_pop_2","pfu","large_deletion","DUP",2140740.74056667,1189529.07636649
"133",4,"15_1","ev_pop_3","cfu","cas_mutation","NO",3044444.44453333,2345155.23723323
"134",4,"15_1","ev_pop_3","pfu","cas_mutation","NO",2569444.44435,2241754.43874468
"135",4,"15_2","ev_pop_3","cfu","spacer_deletion","NO",3829629.62953333,3408510.2884889
"136",4,"15_2","ev_pop_3","pfu","spacer_deletion","NO",2980555.5553,2502317.85543209
"137",4,"15_3","ev_pop_3","cfu","cas_mutation","NO",3351851.85185333,2958735.41004742
"138",4,"15_3","ev_pop_3","pfu","cas_mutation","NO",3385185.185,2696255.59593407
"139",4,"15_4","ev_pop_3","cfu","large_deletion","DEL",3807407.40729667,3227989.72968825
"140",4,"15_4","ev_pop_3","pfu","large_deletion","DEL",3381481.48173333,2959945.22262613
"141",4,"15_5","ev_pop_3","cfu","large_deletion","DEL",4425925.9259,3730229.08854907
"142",4,"15_5","ev_pop_3","pfu","large_deletion","DEL",3129629.62946667,2090789.12776104
"143",4,"15_6","ev_pop_3","cfu","cas_deletion","NO",4107407.40733333,3470516.6180646
"144",4,"15_6","ev_pop_3","pfu","cas_deletion","NO",2955555.5556,2205156.69474266
"145",5,"13_1","ev_pop_1","cfu","spacer_deletion","NO",25333333.33275,24250408.3368154
"146",5,"13_1","ev_pop_1","pfu","spacer_deletion","NO",34972222.22225,56715111.8262349
"147",5,"13_2","ev_pop_1","cfu","spacer_deletion","NO",32277777.779,34616832.6523866
"148",5,"13_2","ev_pop_1","pfu","spacer_deletion","NO",33277777.784,49722894.6885433
"149",5,"13_3","ev_pop_1","cfu","large_deletion","DEL",32194444.44375,31364362.7534226
"150",5,"13_3","ev_pop_1","pfu","large_deletion","DEL",28444444.44525,45516062.3770407
"151",5,"13_4","ev_pop_1","cfu","large_deletion","DUP",27694444.4445,27315768.9722945
"152",5,"13_4","ev_pop_1","pfu","large_deletion","DUP",20694444.44525,31439716.3055879
"153",5,"13_5","ev_pop_1","cfu","spacer_mutation","NO",25472222.223,21163944.6105409
"154",5,"13_5","ev_pop_1","pfu","spacer_mutation","NO",28749999.99925,43067883.5380158
"155",5,"13_6","ev_pop_1","cfu","spacer_mutation","NO",22138888.88975,25129029.1697719
"156",5,"13_6","ev_pop_1","pfu","spacer_mutation","NO",33861111.1055,52273999.1438844
"157",5,"14_1","ev_pop_2","cfu","large_deletion","DEL",32962962.9633333,18064812.4389694
"158",5,"14_1","ev_pop_2","pfu","large_deletion","DEL",25111111.111,30249170.9916981
"159",5,"14_2","ev_pop_2","cfu","cas_mutation","NO",23703703.7033333,8630503.84711947
"160",5,"14_2","ev_pop_2","pfu","cas_mutation","NO",36851851.851,47952179.5387855
"161",5,"14_3","ev_pop_2","cfu","large_deletion","DUP",32222222.2233333,13877773.3311086
"162",5,"14_3","ev_pop_2","pfu","large_deletion","DUP",23833333.3323333,25551146.9607085
"163",5,"14_4","ev_pop_2","cfu","spacer_deletion","NO",35555555.5566667,21285826.7334086
"164",5,"14_4","ev_pop_2","pfu","spacer_deletion","NO",35629629.63,46134710.6059301
"165",5,"14_5","ev_pop_2","cfu","spacer_mutation","NO",33333333.3333333,2222222.225
"166",5,"14_5","ev_pop_2","pfu","spacer_mutation","NO",37314814.8133333,49481394.846549
"167",5,"14_6","ev_pop_2","cfu","large_deletion","DUP",34814814.8133333,11184939.908152
"168",5,"14_6","ev_pop_2","pfu","large_deletion","DUP",14648148.1466667,17154016.6718314
"169",5,"15_1","ev_pop_3","cfu","cas_mutation","NO",20111111.11125,18123263.3613978
"170",5,"15_1","ev_pop_3","pfu","cas_mutation","NO",14027777.77875,12629045.8233376
"171",5,"15_2","ev_pop_3","cfu","spacer_deletion","NO",19944444.4445,22959169.3383329
"172",5,"15_2","ev_pop_3","pfu","spacer_deletion","NO",16861111.112,16172265.7981921
"173",5,"15_3","ev_pop_3","cfu","cas_mutation","NO",17666666.667,17194601.5059393
"174",5,"15_3","ev_pop_3","pfu","cas_mutation","NO",16148148.148,16459952.6464879
"175",5,"15_4","ev_pop_3","cfu","large_deletion","DEL",23638888.889,22840541.3531754
"176",5,"15_4","ev_pop_3","pfu","large_deletion","DEL",16592592.5926667,12033560.7542779
"177",5,"15_5","ev_pop_3","cfu","large_deletion","DEL",17611111.10975,18023647.016518
"178",5,"15_5","ev_pop_3","pfu","large_deletion","DEL",15222222.2233333,14366026.4549602
"179",5,"15_6","ev_pop_3","cfu","cas_deletion","NO",22194444.44325,21792205.1590972
"180",5,"15_6","ev_pop_3","pfu","cas_deletion","NO",16462962.9633333,12817611.0229809
"181",6,"13_1","ev_pop_1","cfu","spacer_deletion","NO",80555555.555,17320508.0765441
"182",6,"13_1","ev_pop_1","pfu","spacer_deletion","NO",35833333.335,17716909.6850689
"183",6,"13_2","ev_pop_1","cfu","spacer_deletion","NO",83888888.8875,7508568.49077495
"184",6,"13_2","ev_pop_1","pfu","spacer_deletion","NO",46111111.1125,11776380.0739659
"185",6,"13_3","ev_pop_1","cfu","large_deletion","DEL",98333333.3475,16666666.6841111
"186",6,"13_3","ev_pop_1","pfu","large_deletion","DEL",22777777.7775,10363754.5050402
"187",6,"13_4","ev_pop_1","cfu","large_deletion","DUP",75277777.7725,18243325.6190362
"188",6,"13_4","ev_pop_1","pfu","large_deletion","DUP",28055555.555,15749452.9279212
"189",6,"13_5","ev_pop_1","cfu","spacer_mutation","NO",84722222.215,13709958.5175102
"190",6,"13_5","ev_pop_1","pfu","spacer_mutation","NO",4e+07,11582589.4625699
"191",6,"13_6","ev_pop_1","cfu","spacer_mutation","NO",8e+07,12893996.432321
"192",6,"13_6","ev_pop_1","pfu","spacer_mutation","NO",39444444.4425,19552609.2066523
"193",6,"14_1","ev_pop_2","cfu","large_deletion","DEL",77407407.4066667,11349298.8525841
"194",6,"14_1","ev_pop_2","pfu","large_deletion","DEL",28888888.89,8012336.16939267
"195",6,"14_2","ev_pop_2","cfu","cas_mutation","NO",69629629.6266667,4490502.09498009
"196",6,"14_2","ev_pop_2","pfu","cas_mutation","NO",4e+07,7286042.80740637
"197",6,"14_3","ev_pop_2","cfu","large_deletion","DUP",79629629.63,12289377.7924982
"198",6,"14_3","ev_pop_2","pfu","large_deletion","DUP",27037037.0366667,11564811.1077893
"199",6,"14_4","ev_pop_2","cfu","spacer_deletion","NO",94074074.0633333,17261007.6815793
"200",6,"14_4","ev_pop_2","pfu","spacer_deletion","NO",40370370.37,641500.298458084
"201",6,"14_5","ev_pop_2","cfu","spacer_mutation","NO",89629629.63,11880751.7996764
"202",6,"14_5","ev_pop_2","pfu","spacer_mutation","NO",50370370.37,1283000.59691617
"203",6,"14_6","ev_pop_2","cfu","large_deletion","DUP",81851851.8533333,5010277.50293121
"204",6,"14_6","ev_pop_2","pfu","large_deletion","DUP",20740740.7433333,6318045.22489243
"205",6,"15_1","ev_pop_3","cfu","cas_mutation","NO",77500000.0025,7446655.28306048
"206",6,"15_1","ev_pop_3","pfu","cas_mutation","NO",38055555.555,12615719.5060263
"207",6,"15_2","ev_pop_3","cfu","spacer_deletion","NO",66944444.445,15775560.617444
"208",6,"15_2","ev_pop_3","pfu","spacer_deletion","NO",33055555.555,17222222.222043
"209",6,"15_3","ev_pop_3","cfu","cas_mutation","NO",70277777.775,10555555.5545614
"210",6,"15_3","ev_pop_3","pfu","cas_mutation","NO",38333333.3325,22816137.5253508
"211",6,"15_4","ev_pop_3","cfu","large_deletion","DEL",88055555.55,19717657.2594002
"212",6,"15_4","ev_pop_3","pfu","large_deletion","DEL",36666666.665,25304727.1873525
"213",6,"15_5","ev_pop_3","cfu","large_deletion","DEL",81666666.6775,20816660.0066709
"214",6,"15_5","ev_pop_3","pfu","large_deletion","DEL",32222222.2225,25772030.0109237
"215",6,"15_6","ev_pop_3","cfu","cas_deletion","NO",77777777.7725,19938176.0420544
"216",6,"15_6","ev_pop_3","pfu","cas_deletion","NO",38333333.3325,26920092.0897339
"217",7,"13_1","ev_pop_1","cfu","spacer_deletion","NO",461111111.125,99587627.1044979
"218",7,"13_1","ev_pop_1","pfu","spacer_deletion","NO",134166666.675,54745013.1096873
"219",7,"13_2","ev_pop_1","cfu","spacer_deletion","NO",486111111.125,102389155.138518
"220",7,"13_2","ev_pop_1","pfu","spacer_deletion","NO",108055555.5425,16957341.7746274
"221",7,"13_3","ev_pop_1","cfu","large_deletion","DEL",533333333.325,125380080.557384
"222",7,"13_3","ev_pop_1","pfu","large_deletion","DEL",95555555.55,41544264.647972
"223",7,"13_4","ev_pop_1","cfu","large_deletion","DUP",452777777.775,114889462.006863
"224",7,"13_4","ev_pop_1","pfu","large_deletion","DUP",84999999.995,56251200.2499327
"225",7,"13_5","ev_pop_1","cfu","spacer_mutation","NO",452777777.8,29221729.3480474
"226",7,"13_5","ev_pop_1","pfu","spacer_mutation","NO",104166666.68,22957735.3787381
"227",7,"13_6","ev_pop_1","cfu","spacer_mutation","NO",497222222.225,34396621.4859862
"228",7,"13_6","ev_pop_1","pfu","spacer_mutation","NO",127499999.985,64657215.8033482
"229",7,"14_1","ev_pop_2","cfu","large_deletion","DEL",403703703.7,194470897.676985
"230",7,"14_1","ev_pop_2","pfu","large_deletion","DEL",189629629.6,125419460.815665
"231",7,"14_2","ev_pop_2","cfu","cas_mutation","NO",437037037.033333,61195228.293428
"232",7,"14_2","ev_pop_2","pfu","cas_mutation","NO",175925925.933333,79801709.0020646
"233",7,"14_3","ev_pop_2","cfu","large_deletion","DUP",448148148.133333,106766928.188916
"234",7,"14_3","ev_pop_2","pfu","large_deletion","DUP",149999999.98,82214714.3505391
"235",7,"14_4","ev_pop_2","cfu","spacer_deletion","NO",474074074.1,97076610.5341465
"236",7,"14_4","ev_pop_2","pfu","spacer_deletion","NO",229259259.263333,114127572.832696
"237",7,"14_5","ev_pop_2","cfu","spacer_mutation","NO",444444444.433333,58794473.5771133
"238",7,"14_5","ev_pop_2","pfu","spacer_mutation","NO",202592592.59,152818513.107003
"239",7,"14_6","ev_pop_2","cfu","large_deletion","DUP",374074074.066667,55924699.510958
"240",7,"14_6","ev_pop_2","pfu","large_deletion","DUP",128888888.883333,80951135.9860051
"241",7,"15_1","ev_pop_3","cfu","cas_mutation","NO",4e+08,115113113.118941
"242",7,"15_1","ev_pop_3","pfu","cas_mutation","NO",145277777.7775,72426349.7008678
"243",7,"15_2","ev_pop_3","cfu","spacer_deletion","NO",330555555.55,57645860.7899474
"244",7,"15_2","ev_pop_3","pfu","spacer_deletion","NO",117777777.7775,41086078.4745349
"245",7,"15_3","ev_pop_3","cfu","cas_mutation","NO",459259259.266667,72293412.1835734
"246",7,"15_3","ev_pop_3","pfu","cas_mutation","NO",153888888.91,124848879.864514
"247",7,"15_4","ev_pop_3","cfu","large_deletion","DEL",433333333.333333,128139584.408836
"248",7,"15_4","ev_pop_3","pfu","large_deletion","DEL",143888888.8975,109474991.047306
"249",7,"15_5","ev_pop_3","cfu","large_deletion","DEL",429629629.633333,73981423.5798225
"250",7,"15_5","ev_pop_3","pfu","large_deletion","DEL",91666666.66,87871492.3913034
"251",7,"15_6","ev_pop_3","cfu","cas_deletion","NO",407407407.4,23129622.1931608
"252",7,"15_6","ev_pop_3","pfu","cas_deletion","NO",136944444.445,77837939.6849132
"253",10,"13_1","ev_pop_1","cfu","spacer_deletion","NO",2295185185.11111,824978301.244649
"254",10,"13_1","ev_pop_1","pfu","spacer_deletion","NO",2925592592.55556,3074169371.92686
"255",10,"13_2","ev_pop_1","cfu","spacer_deletion","NO",2591851851.88889,1289416438.99409
"256",10,"13_2","ev_pop_1","pfu","spacer_deletion","NO",2425083333.3375,2214142499.46108
"257",10,"13_3","ev_pop_1","cfu","large_deletion","DEL",2407037036.96667,1127312985.71432
"258",10,"13_3","ev_pop_1","pfu","large_deletion","DEL",2024666666.71429,1771018068.78423
"259",10,"13_4","ev_pop_1","cfu","large_deletion","DUP",2407037037.11111,1244880008.15119
"260",10,"13_4","ev_pop_1","pfu","large_deletion","DUP",1945833333.3375,1715662452.46012
"261",10,"13_5","ev_pop_1","cfu","spacer_mutation","NO",2814444444.44444,1405996088.26704
"262",10,"13_5","ev_pop_1","pfu","spacer_mutation","NO",2622666666.66667,2481763726.56065
"263",10,"13_6","ev_pop_1","cfu","spacer_mutation","NO",2.625e+09,1289980927.64294
"264",10,"13_6","ev_pop_1","pfu","spacer_mutation","NO",2450083333.375,2145716299.14892
"265",10,"14_1","ev_pop_2","cfu","large_deletion","DEL",1925222222.22222,877650525.234529
"266",10,"14_1","ev_pop_2","pfu","large_deletion","DEL",495888888.888889,318859469.219766
"267",10,"14_2","ev_pop_2","cfu","cas_mutation","NO",3037777777.77778,1184185139.42898
"268",10,"14_2","ev_pop_2","pfu","cas_mutation","NO",736666666.666667,265978382.580239
"269",10,"14_3","ev_pop_2","cfu","large_deletion","DUP",2.52e+09,1225867040.09856
"270",10,"14_3","ev_pop_2","pfu","large_deletion","DUP",748555555.555556,386543371.147117
"271",10,"14_4","ev_pop_2","cfu","spacer_deletion","NO",2815555555.55556,1491200113.25703
"272",10,"14_4","ev_pop_2","pfu","spacer_deletion","NO",859333333.333333,822211195.496632
"273",10,"14_5","ev_pop_2","cfu","spacer_mutation","NO",2554111111.11111,1374278760.33617
"274",10,"14_5","ev_pop_2","pfu","spacer_mutation","NO",8.81e+08,443804010.797559
"275",10,"14_6","ev_pop_2","cfu","large_deletion","DUP",2333333333.33333,818031173.000149
"276",10,"14_6","ev_pop_2","pfu","large_deletion","DUP",492555555.555556,227855826.736508
"277",10,"15_1","ev_pop_3","cfu","cas_mutation","NO",3371111111.11111,1195737801.0389
"278",10,"15_1","ev_pop_3","pfu","cas_mutation","NO",1211962962.93333,853144598.981275
"279",10,"15_2","ev_pop_3","cfu","spacer_deletion","NO",2665555555.55556,798961131.094623
"280",10,"15_2","ev_pop_3","pfu","spacer_deletion","NO",1007851851.81111,550892082.352116
"281",10,"15_3","ev_pop_3","cfu","cas_mutation","NO",3258518518.55556,939465142.04649
"282",10,"15_3","ev_pop_3","pfu","cas_mutation","NO",1074111111.07778,528826189.653927
"283",10,"15_4","ev_pop_3","cfu","large_deletion","DEL",3148888889,973573029.955751
"284",10,"15_4","ev_pop_3","pfu","large_deletion","DEL",1478259259.22222,885789176.905301
"285",10,"15_5","ev_pop_3","cfu","large_deletion","DEL",3150000000.11111,1000957874.63601
"286",10,"15_5","ev_pop_3","pfu","large_deletion","DEL",9.77e+08,461310843.653411
"287",10,"15_6","ev_pop_3","cfu","cas_deletion","NO",3185185185.22222,943124404.271302
"288",10,"15_6","ev_pop_3","pfu","cas_deletion","NO",1458185185.18889,724130457.646227
"289",12,"13_1","ev_pop_1","cfu","spacer_deletion","NO",3666296296.22222,881602777.21322
"290",12,"13_1","ev_pop_1","pfu","spacer_deletion","NO",1628555555.55556,512030977.822631
"291",12,"13_2","ev_pop_1","cfu","spacer_deletion","NO",3037777777.66667,632945056.294164
"292",12,"13_2","ev_pop_1","pfu","spacer_deletion","NO",1740037037,571284625.589667
"293",12,"13_3","ev_pop_1","cfu","large_deletion","DEL",3407037037.11111,1351852067.41223
"294",12,"13_3","ev_pop_1","pfu","large_deletion","DEL",1371074074.11111,513038708.163444
"295",12,"13_4","ev_pop_1","cfu","large_deletion","DUP",3147407407.44444,868109020.568646
"296",12,"13_4","ev_pop_1","pfu","large_deletion","DUP",916291666.7125,426793003.605061
"297",12,"13_5","ev_pop_1","cfu","spacer_mutation","NO",3333703703.55556,912264344.737388
"298",12,"13_5","ev_pop_1","pfu","spacer_mutation","NO",2074111111.11111,794665478.256941
"299",12,"13_6","ev_pop_1","cfu","spacer_mutation","NO",2851851851.85556,973983959.419814
"300",12,"13_6","ev_pop_1","pfu","spacer_mutation","NO",1556703703.66667,851427403.526222
"301",12,"14_1","ev_pop_2","cfu","large_deletion","DEL",2038111111.11111,1072853490.04937
"302",12,"14_1","ev_pop_2","pfu","large_deletion","DEL",1236571428.57143,762093138.91476
"303",12,"14_2","ev_pop_2","cfu","cas_mutation","NO",3184444444.44444,1364964386.99981
"304",12,"14_2","ev_pop_2","pfu","cas_mutation","NO",1074111111.11111,465407736.410893
"305",12,"14_3","ev_pop_2","cfu","large_deletion","DUP",3.11e+09,849676408.993447
"306",12,"14_3","ev_pop_2","pfu","large_deletion","DUP",1221888888.88889,781845164.409879
"307",12,"14_4","ev_pop_2","cfu","spacer_deletion","NO",3295555555.55556,1408333333.33333
"308",12,"14_4","ev_pop_2","pfu","spacer_deletion","NO",1111111111.11111,833535008.929506
"309",12,"14_5","ev_pop_2","cfu","spacer_mutation","NO",3001111111.11111,667503641.271799
"310",12,"14_5","ev_pop_2","pfu","spacer_mutation","NO",1704444444.44444,904516460.755567
"311",12,"14_6","ev_pop_2","cfu","large_deletion","DUP",3295555555.55556,733946713.173223
"312",12,"14_6","ev_pop_2","pfu","large_deletion","DUP",722333333.333333,250983399.185418
"313",12,"15_1","ev_pop_3","cfu","cas_mutation","NO",3630370370.33333,1317477012.72731
"314",12,"15_1","ev_pop_3","pfu","cas_mutation","NO",1703333333.3,537891975.957973
"315",12,"15_2","ev_pop_3","cfu","spacer_deletion","NO",3417500000.125,1814537196.63609
"316",12,"15_2","ev_pop_3","pfu","spacer_deletion","NO",1630444444.44444,824468903.143108
"317",12,"15_3","ev_pop_3","cfu","cas_mutation","NO",2444444444.44444,782094765.517581
"318",12,"15_3","ev_pop_3","pfu","cas_mutation","NO",1249958333.3375,636033103.793685
"319",12,"15_4","ev_pop_3","cfu","large_deletion","DEL",2666296296.33333,1130759877.91944
"320",12,"15_4","ev_pop_3","pfu","large_deletion","DEL",1295518518.44444,587253189.54917
"321",12,"15_5","ev_pop_3","cfu","large_deletion","DEL",2924444444.44444,1187071560.18498
"322",12,"15_5","ev_pop_3","pfu","large_deletion","DEL",1072925925.96667,399887615.442595
"323",12,"15_6","ev_pop_3","cfu","cas_deletion","NO",2297037037.11111,790512218.678185
"324",12,"15_6","ev_pop_3","pfu","cas_deletion","NO",1629629629.66667,485190238.965763
"325",15,"13_1","ev_pop_1","cfu","spacer_deletion","NO",4185185185.22222,603487805.076907
"326",15,"13_1","ev_pop_1","pfu","spacer_deletion","NO",2195833333.3375,1693634909.39788
"327",15,"13_2","ev_pop_1","cfu","spacer_deletion","NO",4333333333.33333,623834468.807409
"328",15,"13_2","ev_pop_1","pfu","spacer_deletion","NO",1721851851.85556,1117682511.95181
"329",15,"13_3","ev_pop_1","cfu","large_deletion","DEL",4111851851.88889,1258674469.20886
"330",15,"13_3","ev_pop_1","pfu","large_deletion","DEL",1288750000,846160211.292145
"331",15,"13_4","ev_pop_1","cfu","large_deletion","DUP",4.26e+09,617843471.636987
"332",15,"13_4","ev_pop_1","pfu","large_deletion","DUP",1058375000,612471585.022263
"333",15,"13_5","ev_pop_1","cfu","spacer_mutation","NO",4517777777.77778,1366080158.8446
"334",15,"13_5","ev_pop_1","pfu","spacer_mutation","NO",1837444444.45556,1416234894.97688
"335",15,"13_6","ev_pop_1","cfu","spacer_mutation","NO",4629259259.33333,889497014.219619
"336",15,"13_6","ev_pop_1","pfu","spacer_mutation","NO",1863333333.34444,1214138926.69013
"337",15,"14_1","ev_pop_2","cfu","large_deletion","DEL",3041250000,1188690005.24587
"338",15,"14_1","ev_pop_2","pfu","large_deletion","DEL",1018571428.57143,527425147.024946
"339",15,"14_2","ev_pop_2","cfu","cas_mutation","NO",3815555555.55556,1474246511.87574
"340",15,"14_2","ev_pop_2","pfu","cas_mutation","NO",1074111111.11111,485207801.989118
"341",15,"14_3","ev_pop_2","cfu","large_deletion","DUP",3888888888.88889,623166198.626908
"342",15,"14_3","ev_pop_2","pfu","large_deletion","DUP",1352857142.85714,635704446.151781
"343",15,"14_4","ev_pop_2","cfu","spacer_deletion","NO",3.74e+09,761807062.188321
"344",15,"14_4","ev_pop_2","pfu","spacer_deletion","NO",1147777777.77778,581110096.663657
"345",15,"14_5","ev_pop_2","cfu","spacer_mutation","NO",3257777777.77778,777621015.948286
"346",15,"14_5","ev_pop_2","pfu","spacer_mutation","NO",1478888888.88889,974183432.98945
"347",15,"14_6","ev_pop_2","cfu","large_deletion","DUP",3.48e+09,1155530181.34534
"348",15,"14_6","ev_pop_2","pfu","large_deletion","DUP",807500000,349020261.384841
"349",15,"15_1","ev_pop_3","cfu","cas_mutation","NO",4665925926,1958104084.42411
"350",15,"15_1","ev_pop_3","pfu","cas_mutation","NO",903416666.6625,273378669.294862
"351",15,"15_2","ev_pop_3","cfu","spacer_deletion","NO",4297037037.11111,1975171191.28432
"352",15,"15_2","ev_pop_3","pfu","spacer_deletion","NO",1017777777.76667,223817882.330082
"353",15,"15_3","ev_pop_3","cfu","cas_mutation","NO",3110740740.77778,971017189.707176
"354",15,"15_3","ev_pop_3","pfu","cas_mutation","NO",1111851851.81111,601720037.12229
"355",15,"15_4","ev_pop_3","cfu","large_deletion","DEL",3925185185.11111,1102061340.22998
"356",15,"15_4","ev_pop_3","pfu","large_deletion","DEL",1284238095.14286,589953692.909409
"357",15,"15_5","ev_pop_3","cfu","large_deletion","DEL",3999629629.66667,1386043975.23677
"358",15,"15_5","ev_pop_3","pfu","large_deletion","DEL",905238095.242857,418913352.404463
"359",15,"15_6","ev_pop_3","cfu","cas_deletion","NO",3703703703.66667,1655921566.51814
"360",15,"15_6","ev_pop_3","pfu","cas_deletion","NO",1.11e+09,583224751.802901
"361",18,"13_1","ev_pop_1","cfu","spacer_deletion","NO",4290833333.375,1795541877.86825
"362",18,"13_1","ev_pop_1","pfu","spacer_deletion","NO",2470888888.88889,3155460126.68693
"363",18,"13_2","ev_pop_1","cfu","spacer_deletion","NO",5369629629.55556,789633256.005988
"364",18,"13_2","ev_pop_1","pfu","spacer_deletion","NO",2274666666.66667,2763308252.80134
"365",18,"13_3","ev_pop_1","cfu","large_deletion","DEL",4629629629.44444,1218201593.94778
"366",18,"13_3","ev_pop_1","pfu","large_deletion","DEL",1866666666.66667,2106916672.92911
"367",18,"13_4","ev_pop_1","cfu","large_deletion","DUP",5778148148.33333,1178945045.24453
"368",18,"13_4","ev_pop_1","pfu","large_deletion","DUP",2.067e+09,2541504623.24978
"369",18,"13_5","ev_pop_1","cfu","spacer_mutation","NO",5629629629.55556,2251199954.4084
"370",18,"13_5","ev_pop_1","pfu","spacer_mutation","NO",2822222222.22222,3007256049.03281
"371",18,"13_6","ev_pop_1","cfu","spacer_mutation","NO",4999999999.88889,1434109285.95263
"372",18,"13_6","ev_pop_1","pfu","spacer_mutation","NO",2359333333.33333,2205240746.49459
"373",18,"14_1","ev_pop_2","cfu","large_deletion","DEL",5258888888.88889,1664297482.75695
"374",18,"14_1","ev_pop_2","pfu","large_deletion","DEL",1003666666.66667,542006457.526107
"375",18,"14_2","ev_pop_2","cfu","cas_mutation","NO",4962222222.22222,1687555760.39562
"376",18,"14_2","ev_pop_2","pfu","cas_mutation","NO",1125744444.44444,781480078.298723
"377",18,"14_3","ev_pop_2","cfu","large_deletion","DUP",5407777777.77778,1151398907.60954
"378",18,"14_3","ev_pop_2","pfu","large_deletion","DUP",1192966666.66667,563762325.807605
"379",18,"14_4","ev_pop_2","cfu","spacer_deletion","NO",5777777777.77778,1166670238.08977
"380",18,"14_4","ev_pop_2","pfu","spacer_deletion","NO",1559255555.55556,859884287.435105
"381",18,"14_5","ev_pop_2","cfu","spacer_mutation","NO",5112222222.22222,1864509169.84724
"382",18,"14_5","ev_pop_2","pfu","spacer_mutation","NO",1230077777.77778,751740051.11105
"383",18,"14_6","ev_pop_2","cfu","large_deletion","DUP",5631111111.11111,1428569603.17344
"384",18,"14_6","ev_pop_2","pfu","large_deletion","DUP",1.27e+09,892775027.652544
"385",18,"15_1","ev_pop_3","cfu","cas_mutation","NO",5999629629.66667,1333440041.96378
"386",18,"15_1","ev_pop_3","pfu","cas_mutation","NO",1457125000,532337550.673577
"387",18,"15_2","ev_pop_3","cfu","spacer_deletion","NO",5542499999.875,906154880.151107
"388",18,"15_2","ev_pop_3","pfu","spacer_deletion","NO",2251625000,1294381698.78242
"389",18,"15_3","ev_pop_3","cfu","cas_mutation","NO",5629259259.22222,734914541.019445
"390",18,"15_3","ev_pop_3","pfu","cas_mutation","NO",2143285714.28571,1151945703.91226
"391",18,"15_4","ev_pop_3","cfu","large_deletion","DEL",5703333333.22222,1475031073.06564
"392",18,"15_4","ev_pop_3","pfu","large_deletion","DEL",1500875000,960302100.903669
"393",18,"15_5","ev_pop_3","cfu","large_deletion","DEL",6185185185.22222,818555827.010045
"394",18,"15_5","ev_pop_3","pfu","large_deletion","DEL",1815222222.22222,580312798.794275
"395",18,"15_6","ev_pop_3","cfu","cas_deletion","NO",6297777777.77778,806725204.401515
"396",18,"15_6","ev_pop_3","pfu","cas_deletion","NO",1813666666.66667,958573680.005872
