"","time","sample_id","group","type","mutation_type","mean_amount","sd_amount"
"1",0,"13_1","ev_pop_1","cfu","spacer
deletion",112030.769233846,59391.1026135139
"2",0,"13_1","ev_pop_1","pfu","spacer
deletion",59722.2222225,20504.5055407391
"3",0,"13_2","ev_pop_1","cfu","spacer
deletion",111199.145299231,57081.5416365221
"4",0,"13_2","ev_pop_1","pfu","spacer
deletion",50465.7407408333,15934.6106721621
"5",0,"13_3","ev_pop_1","cfu","large
deletion",113250.427343077,48031.6345060058
"6",0,"13_3","ev_pop_1","pfu","large
deletion",36383.3333333333,11517.0458745523
"7",0,"13_4","ev_pop_1","cfu","large
deletion",116809.401703846,61795.308237525
"8",0,"13_4","ev_pop_1","pfu","large
deletion",29003.333333,10873.0977085676
"9",0,"13_5","ev_pop_1","cfu","spacer
mutation",115301.709404615,50038.7528516631
"10",0,"13_5","ev_pop_1","pfu","spacer
mutation",47685.4629625,22701.2975073387
"11",0,"13_6","ev_pop_1","cfu","spacer
mutation",95900.0000007692,51660.8833887021
"12",0,"13_6","ev_pop_1","pfu","spacer
mutation",39357.4074066667,15924.1036855113
"13",0,"14_1","ev_pop_2","cfu","large
deletion",103530.555555833,42887.5472454871
"14",0,"14_1","ev_pop_2","pfu","large
deletion",37930.3703706667,18745.2538220695
"15",0,"14_2","ev_pop_2","cfu","cas
mutation",89842.5925933333,48363.4444303733
"16",0,"14_2","ev_pop_2","pfu","cas
mutation",36821.481482,14159.3142861044
"17",0,"14_3","ev_pop_2","cfu","large
deletion",80447.4747463636,30186.7856343043
"18",0,"14_3","ev_pop_2","pfu","large
deletion",36091.851852,6913.51520870829
"19",0,"14_4","ev_pop_2","cfu","spacer
deletion",86815.7407408333,51420.6682971041
"20",0,"14_4","ev_pop_2","pfu","spacer
deletion",37699.2592593333,12506.1201713397
"21",0,"14_5","ev_pop_2","cfu","spacer
mutation",80994.9494945454,22644.363408394
"22",0,"14_5","ev_pop_2","pfu","spacer
mutation",36213.3333333333,8422.32085216781
"23",0,"14_6","ev_pop_2","cfu","large
deletion",110639.814815,54869.4660474171
"24",0,"14_6","ev_pop_2","pfu","large
deletion",23039.2592593333,8497.21073311833
"25",0,"15_1","ev_pop_3","cfu","cas
mutation",103846.153843846,52226.8246272137
"26",0,"15_1","ev_pop_3","pfu","cas
mutation",46211.1111117333,13522.0924462975
"27",0,"15_2","ev_pop_3","cfu","spacer
deletion",93387.1794876923,51757.4773120645
"28",0,"15_2","ev_pop_3","pfu","spacer
deletion",37634.0740746667,11177.9446068817
"29",0,"15_3","ev_pop_3","cfu","cas
mutation",84810.2564107692,40300.3570093242
"30",0,"15_3","ev_pop_3","pfu","cas
mutation",40675.5555550667,16851.354071246
"31",0,"15_4","ev_pop_3","cfu","large
deletion",88951.2820538462,36122.1232667011
"32",0,"15_4","ev_pop_3","pfu","large
deletion",34817.0370366667,12441.9497687119
"33",0,"15_5","ev_pop_3","cfu","large
deletion",97664.1025646154,48738.4645343353
"34",0,"15_5","ev_pop_3","pfu","large
deletion",37479.2592593333,12584.3887694794
"35",0,"15_6","ev_pop_3","cfu","cas
deletion",95151.2820507692,37881.2196398026
"36",0,"15_6","ev_pop_3","pfu","cas
deletion",42448.8888893333,16831.1967842691
"37",0,"Lys2_1","anc_pop_2","cfu","ancestral",77068.3760715385,38926.953294344
"38",0,"Lys2_1","anc_pop_2","pfu","ancestral",61384.722219375,20746.3556633839
"39",0,"Lys2_2","anc_pop_2","cfu","ancestral",70088.0341876923,27660.3802397034
"40",0,"Lys2_2","anc_pop_2","pfu","ancestral",57299.99999875,25935.2263727916
"41",0,"Lys2_3","anc_pop_2","cfu","ancestral",81002.5641023077,44379.5670354961
"42",0,"Lys2_3","anc_pop_2","pfu","ancestral",63827.77777875,18324.5029235813
"43",0,"Lys2_4","anc_pop_2","cfu","ancestral",98059.8290546154,47626.2155739594
"44",0,"Lys2_4","anc_pop_2","pfu","ancestral",58339.583333125,18462.2270222961
"45",0,"Lys2_5","anc_pop_2","cfu","ancestral",88034.1880315385,37821.9889582424
"46",0,"Lys2_5","anc_pop_2","pfu","ancestral",60978.4722225,19432.9415579529
"47",0,"Lys2_6","anc_pop_2","cfu","ancestral",96777.7777823077,42873.5820027154
"48",0,"Lys2_6","anc_pop_2","pfu","ancestral",68752.083330625,20988.2944834139
"49",2,"13_1","ev_pop_1","cfu","spacer
deletion",378333.3333325,313012.049636434
"50",2,"13_1","ev_pop_1","pfu","spacer
deletion",88888.8888866667,47297.3258913659
"51",2,"13_2","ev_pop_1","cfu","spacer
deletion",305833.33333,257856.589162087
"52",2,"13_2","ev_pop_1","pfu","spacer
deletion",92222.2222133333,41677.77629287
"53",2,"13_3","ev_pop_1","cfu","large
deletion",353333.3333075,354540.216928376
"54",2,"13_3","ev_pop_1","pfu","large
deletion",75185.1851866667,31609.7604350901
"55",2,"13_4","ev_pop_1","cfu","large
deletion",320833.333314,306459.101775806
"56",2,"13_4","ev_pop_1","pfu","large
deletion",87777.77779,20757.2685596642
"57",2,"13_5","ev_pop_1","cfu","spacer
mutation",264444.4444555,257343.184092347
"58",2,"13_5","ev_pop_1","pfu","spacer
mutation",86666.66664,29834.9368278364
"59",2,"13_6","ev_pop_1","cfu","spacer
mutation",284444.444436,221918.310684222
"60",2,"13_6","ev_pop_1","pfu","spacer
mutation",97777.7777766667,29834.9368518574
"61",2,"14_1","ev_pop_2","cfu","large
deletion",488888.888866667,50917.5077253685
"62",2,"14_1","ev_pop_2","pfu","large
deletion",121481.481473333,74322.7307969565
"63",2,"14_2","ev_pop_2","cfu","cas
mutation",381481.4815,189324.117304281
"64",2,"14_2","ev_pop_2","pfu","cas
mutation",185925.925926667,167628.09120303
"65",2,"14_3","ev_pop_2","cfu","large
deletion",433333.333333333,193728.841947886
"66",2,"14_3","ev_pop_2","pfu","large
deletion",112592.592593333,80892.6535585375
"67",2,"14_4","ev_pop_2","cfu","spacer
deletion",451851.851833333,209742.150142451
"68",2,"14_4","ev_pop_2","pfu","spacer
deletion",140370.37038,115557.336192962
"69",2,"14_5","ev_pop_2","cfu","spacer
mutation",429629.629633333,155687.77449155
"70",2,"14_5","ev_pop_2","pfu","spacer
mutation",168518.518533333,176076.348963677
"71",2,"14_6","ev_pop_2","cfu","large
deletion",444444.444466667,153960.07174541
"72",2,"14_6","ev_pop_2","pfu","large
deletion",77407.4074,48052.6117579223
"73",2,"15_1","ev_pop_3","cfu","cas
mutation",216944.44443,158867.843723669
"74",2,"15_1","ev_pop_3","pfu","cas
mutation",90740.7407466667,31453.1462983046
"75",2,"15_2","ev_pop_3","cfu","spacer
deletion",200833.33333325,146181.506761197
"76",2,"15_2","ev_pop_3","pfu","spacer
deletion",94814.8148033333,16972.5025558469
"77",2,"15_3","ev_pop_3","cfu","cas
mutation",288888.8889,48432.210435353
"78",2,"15_3","ev_pop_3","pfu","cas
mutation",90740.7407466667,33945.0051607929
"79",2,"15_4","ev_pop_3","cfu","large
deletion",296296.2963,117763.800689339
"80",2,"15_4","ev_pop_3","pfu","large
deletion",102592.59259,37289.8776999353
"81",2,"15_5","ev_pop_3","cfu","large
deletion",303703.7037,144586.824369708
"82",2,"15_5","ev_pop_3","pfu","large
deletion",94814.8148,32533.6166553136
"83",2,"15_6","ev_pop_3","cfu","cas
deletion",337037.037033333,89810.0418377428
"84",2,"15_6","ev_pop_3","pfu","cas
deletion",89259.25925,32854.5866980298
"85",2,"Lys2_1","anc_pop_2","cfu","ancestral",157777.777786667,55019.6373488145
"86",2,"Lys2_1","anc_pop_2","pfu","ancestral",577777.777766667,135172.50068608
"87",2,"Lys2_2","anc_pop_2","cfu","ancestral",168518.51851,107199.671408635
"88",2,"Lys2_2","anc_pop_2","pfu","ancestral",625925.925933333,205580.57905635
"89",2,"Lys2_3","anc_pop_2","cfu","ancestral",163333.333333333,54171.6522012194
"90",2,"Lys2_3","anc_pop_2","pfu","ancestral",562962.962966667,93183.3008934055
"91",2,"Lys2_4","anc_pop_2","cfu","ancestral",135555.555546667,58920.3270424992
"92",2,"Lys2_4","anc_pop_2","pfu","ancestral",585185.1852,241480.34539647
"93",2,"Lys2_5","anc_pop_2","cfu","ancestral",177037.037026667,74048.143588993
"94",2,"Lys2_5","anc_pop_2","pfu","ancestral",562962.963,105604.27724904
"95",2,"Lys2_6","anc_pop_2","cfu","ancestral",152962.962933333,79553.7967793381
"96",2,"Lys2_6","anc_pop_2","pfu","ancestral",785185.185166667,228071.175108541
"97",3,"13_1","ev_pop_1","cfu","spacer
deletion",1333333.33355,1728483.24322258
"98",3,"13_1","ev_pop_1","pfu","spacer
deletion",685185.185166667,204979.171884614
"99",3,"13_2","ev_pop_1","cfu","spacer
deletion",822222.222063333,684574.302050245
"100",3,"13_2","ev_pop_1","pfu","spacer
deletion",688888.8889,184925.744176239
"101",3,"13_3","ev_pop_1","cfu","large
deletion",1344444.44441,1588655.77149263
"102",3,"13_3","ev_pop_1","pfu","large
deletion",533333.333333333,280431.765909923
"103",3,"13_4","ev_pop_1","cfu","large
deletion",1051851.85179,1089644.48450452
"104",3,"13_4","ev_pop_1","pfu","large
deletion",511111.1111,283496.684918236
"105",3,"13_5","ev_pop_1","cfu","spacer
mutation",851851.85196,795227.53444914
"106",3,"13_5","ev_pop_1","pfu","spacer
mutation",588888.888866667,226895.309499696
"107",3,"13_6","ev_pop_1","cfu","spacer
mutation",855555.55569,748413.961050069
"108",3,"13_6","ev_pop_1","pfu","spacer
mutation",551851.851833333,132559.482746923
"109",3,"14_1","ev_pop_2","cfu","large
deletion",937037.036933333,350719.425020379
"110",3,"14_1","ev_pop_2","pfu","large
deletion",551851.851866667,208561.603336117
"111",3,"14_2","ev_pop_2","cfu","cas
mutation",1307407.40726667,985470.579397156
"112",3,"14_2","ev_pop_2","pfu","cas
mutation",766666.666733333,342287.151226951
"113",3,"14_3","ev_pop_2","cfu","large
deletion",1011111.111,281749.384991058
"114",3,"14_3","ev_pop_2","pfu","large
deletion",577777.777766667,126197.963263485
"115",3,"14_4","ev_pop_2","cfu","spacer
deletion",1262962.9629,831207.16404729
"116",3,"14_4","ev_pop_2","pfu","spacer
deletion",718518.5185,97076.6105341465
"117",3,"14_5","ev_pop_2","cfu","spacer
mutation",1125925.926,564629.599389501
"118",3,"14_5","ev_pop_2","pfu","spacer
mutation",766666.666666667,211986.489222402
"119",3,"14_6","ev_pop_2","cfu","large
deletion",1296296.29623333,803797.570758716
"120",3,"14_6","ev_pop_2","pfu","large
deletion",485185.1852,147545.068818564
"121",3,"15_1","ev_pop_3","cfu","cas
mutation",733333.33321,655743.852276939
"122",3,"15_1","ev_pop_3","pfu","cas
mutation",640740.740733333,215547.9189325
"123",3,"15_2","ev_pop_3","cfu","spacer
deletion",681481.481466667,504343.275860805
"124",3,"15_2","ev_pop_3","pfu","spacer
deletion",781481.481466667,161907.355504247
"125",3,"15_3","ev_pop_3","cfu","cas
mutation",1048148.1481,1001500.93116798
"126",3,"15_3","ev_pop_3","pfu","cas
mutation",686111.11115,322716.734248333
"127",3,"15_4","ev_pop_3","cfu","large
deletion",1229629.62975667,1321490.61632031
"128",3,"15_4","ev_pop_3","pfu","large
deletion",627777.777775,302866.959337994
"129",3,"15_5","ev_pop_3","cfu","large
deletion",1114814.8147,1126577.54031291
"130",3,"15_5","ev_pop_3","pfu","large
deletion",627777.7778,361125.3558248
"131",3,"15_6","ev_pop_3","cfu","cas
deletion",837037.037193333,739730.793200536
"132",3,"15_6","ev_pop_3","pfu","cas
deletion",644444.4445,343187.671396451
"133",3,"Lys2_1","anc_pop_2","cfu","ancestral",1166666.6665,235702.260159814
"134",3,"Lys2_1","anc_pop_2","pfu","ancestral",1058333.333225,218180.843869825
"135",3,"Lys2_2","anc_pop_2","cfu","ancestral",850000,212132.034355964
"136",3,"Lys2_2","anc_pop_2","pfu","ancestral",1076388.888775,331177.441793785
"137",3,"Lys2_3","anc_pop_2","cfu","ancestral",1399999.9999,1162797.81777836
"138",3,"Lys2_3","anc_pop_2","pfu","ancestral",1066666.66675,251252.009076585
"139",3,"Lys2_4","anc_pop_2","cfu","ancestral",938888.8889,70710.6781186548
"140",3,"Lys2_4","anc_pop_2","pfu","ancestral",991666.666625,231540.733209883
"141",3,"Lys2_5","anc_pop_2","cfu","ancestral",1188888.8885,204275.292421348
"142",3,"Lys2_5","anc_pop_2","pfu","ancestral",1052777.7779,135893.628295959
"143",3,"Lys2_6","anc_pop_2","cfu","ancestral",1194444.4442,353553.390310431
"144",3,"Lys2_6","anc_pop_2","pfu","ancestral",1091666.6668,113447.654896351
"145",4,"13_1","ev_pop_1","cfu","spacer
deletion",3325925.92566667,2763548.74116835
"146",4,"13_1","ev_pop_1","pfu","spacer
deletion",2750000,2488384.5385313
"147",4,"13_2","ev_pop_1","cfu","spacer
deletion",3318518.51833333,2911139.3834095
"148",4,"13_2","ev_pop_1","pfu","spacer
deletion",2827777.77775,2789257.7593239
"149",4,"13_3","ev_pop_1","cfu","large
deletion",3325925.92606667,2517134.69621203
"150",4,"13_3","ev_pop_1","pfu","large
deletion",2297222.222025,2694322.25753335
"151",4,"13_4","ev_pop_1","cfu","large
deletion",3296296.29643333,2566001.19654588
"152",4,"13_4","ev_pop_1","pfu","large
deletion",2327777.77795,2424658.98494856
"153",4,"13_5","ev_pop_1","cfu","spacer
mutation",2274074.07396667,1547013.58380689
"154",4,"13_5","ev_pop_1","pfu","spacer
mutation",2330555.5555,2447983.54915925
"155",4,"13_6","ev_pop_1","cfu","spacer
mutation",2262962.96286667,1574108.93193706
"156",4,"13_6","ev_pop_1","pfu","spacer
mutation",2688888.88895,2740400.37938576
"157",4,"14_1","ev_pop_2","cfu","large
deletion",4148148.14833333,570177.937698277
"158",4,"14_1","ev_pop_2","pfu","large
deletion",2977777.77776667,2216436.91355559
"159",4,"14_2","ev_pop_2","cfu","cas
mutation",4333333.33366667,484322.10492707
"160",4,"14_2","ev_pop_2","pfu","cas
mutation",3977777.778,2459850.44194024
"161",4,"14_3","ev_pop_2","cfu","large
deletion",5e+06,2247083.15774906
"162",4,"14_3","ev_pop_2","pfu","large
deletion",3348148.148,2162112.97363398
"163",4,"14_4","ev_pop_2","cfu","spacer
deletion",4407407.40733333,1880154.09597543
"164",4,"14_4","ev_pop_2","pfu","spacer
deletion",3470370.37033333,1882877.14347336
"165",4,"14_5","ev_pop_2","cfu","spacer
mutation",3888888.889,1724908.29985642
"166",4,"14_5","ev_pop_2","pfu","spacer
mutation",4459259.25933333,2792081.68989824
"167",4,"14_6","ev_pop_2","cfu","large
deletion",4407407.40733333,1607595.14133773
"168",4,"14_6","ev_pop_2","pfu","large
deletion",2140740.74056667,1189529.07636649
"169",4,"15_1","ev_pop_3","cfu","cas
mutation",3044444.44453333,2345155.23723323
"170",4,"15_1","ev_pop_3","pfu","cas
mutation",2569444.44435,2241754.43874468
"171",4,"15_2","ev_pop_3","cfu","spacer
deletion",3829629.62953333,3408510.2884889
"172",4,"15_2","ev_pop_3","pfu","spacer
deletion",2980555.5553,2502317.85543209
"173",4,"15_3","ev_pop_3","cfu","cas
mutation",3351851.85185333,2958735.41004742
"174",4,"15_3","ev_pop_3","pfu","cas
mutation",3385185.185,2696255.59593407
"175",4,"15_4","ev_pop_3","cfu","large
deletion",3807407.40729667,3227989.72968825
"176",4,"15_4","ev_pop_3","pfu","large
deletion",3381481.48173333,2959945.22262613
"177",4,"15_5","ev_pop_3","cfu","large
deletion",4425925.9259,3730229.08854907
"178",4,"15_5","ev_pop_3","pfu","large
deletion",3129629.62946667,2090789.12776104
"179",4,"15_6","ev_pop_3","cfu","cas
deletion",4107407.40733333,3470516.6180646
"180",4,"15_6","ev_pop_3","pfu","cas
deletion",2955555.5556,2205156.69474266
"181",4,"Lys2_1","anc_pop_2","cfu","ancestral",2051851.85196667,2726195.13584791
"182",4,"Lys2_1","anc_pop_2","pfu","ancestral",3900000,2041261.61256344
"183",4,"Lys2_2","anc_pop_2","cfu","ancestral",2062962.96293333,2662875.39126818
"184",4,"Lys2_2","anc_pop_2","pfu","ancestral",3791666.66675,2309568.1280989
"185",4,"Lys2_3","anc_pop_2","cfu","ancestral",2525925.9258,2447506.49962881
"186",4,"Lys2_3","anc_pop_2","pfu","ancestral",4030555.5555,2186290.52396139
"187",4,"Lys2_4","anc_pop_2","cfu","ancestral",1788888.8892,1662327.68549004
"188",4,"Lys2_4","anc_pop_2","pfu","ancestral",3577777.77775,1721421.5583027
"189",4,"Lys2_5","anc_pop_2","cfu","ancestral",3085185.1852,2714077.00561748
"190",4,"Lys2_5","anc_pop_2","pfu","ancestral",4066666.667,2381616.83864316
"191",4,"Lys2_6","anc_pop_2","cfu","ancestral",2485185.18513333,2056015.96428029
"192",4,"Lys2_6","anc_pop_2","pfu","ancestral",4266666.66675,1939750.94940227
"193",5,"13_1","ev_pop_1","cfu","spacer
deletion",25333333.33275,24250408.3368154
"194",5,"13_1","ev_pop_1","pfu","spacer
deletion",34972222.22225,56715111.8262349
"195",5,"13_2","ev_pop_1","cfu","spacer
deletion",32277777.779,34616832.6523866
"196",5,"13_2","ev_pop_1","pfu","spacer
deletion",33277777.784,49722894.6885433
"197",5,"13_3","ev_pop_1","cfu","large
deletion",32194444.44375,31364362.7534226
"198",5,"13_3","ev_pop_1","pfu","large
deletion",28444444.44525,45516062.3770407
"199",5,"13_4","ev_pop_1","cfu","large
deletion",27694444.4445,27315768.9722945
"200",5,"13_4","ev_pop_1","pfu","large
deletion",20694444.44525,31439716.3055879
"201",5,"13_5","ev_pop_1","cfu","spacer
mutation",25472222.223,21163944.6105409
"202",5,"13_5","ev_pop_1","pfu","spacer
mutation",28749999.99925,43067883.5380158
"203",5,"13_6","ev_pop_1","cfu","spacer
mutation",22138888.88975,25129029.1697719
"204",5,"13_6","ev_pop_1","pfu","spacer
mutation",33861111.1055,52273999.1438844
"205",5,"14_1","ev_pop_2","cfu","large
deletion",32962962.9633333,18064812.4389694
"206",5,"14_1","ev_pop_2","pfu","large
deletion",25111111.111,30249170.9916981
"207",5,"14_2","ev_pop_2","cfu","cas
mutation",23703703.7033333,8630503.84711947
"208",5,"14_2","ev_pop_2","pfu","cas
mutation",36851851.851,47952179.5387855
"209",5,"14_3","ev_pop_2","cfu","large
deletion",32222222.2233333,13877773.3311086
"210",5,"14_3","ev_pop_2","pfu","large
deletion",23833333.3323333,25551146.9607085
"211",5,"14_4","ev_pop_2","cfu","spacer
deletion",35555555.5566667,21285826.7334086
"212",5,"14_4","ev_pop_2","pfu","spacer
deletion",35629629.63,46134710.6059301
"213",5,"14_5","ev_pop_2","cfu","spacer
mutation",33333333.3333333,2222222.225
"214",5,"14_5","ev_pop_2","pfu","spacer
mutation",37314814.8133333,49481394.846549
"215",5,"14_6","ev_pop_2","cfu","large
deletion",34814814.8133333,11184939.908152
"216",5,"14_6","ev_pop_2","pfu","large
deletion",14648148.1466667,17154016.6718314
"217",5,"15_1","ev_pop_3","cfu","cas
mutation",20111111.11125,18123263.3613978
"218",5,"15_1","ev_pop_3","pfu","cas
mutation",14027777.77875,12629045.8233376
"219",5,"15_2","ev_pop_3","cfu","spacer
deletion",19944444.4445,22959169.3383329
"220",5,"15_2","ev_pop_3","pfu","spacer
deletion",16861111.112,16172265.7981921
"221",5,"15_3","ev_pop_3","cfu","cas
mutation",17666666.667,17194601.5059393
"222",5,"15_3","ev_pop_3","pfu","cas
mutation",16148148.148,16459952.6464879
"223",5,"15_4","ev_pop_3","cfu","large
deletion",23638888.889,22840541.3531754
"224",5,"15_4","ev_pop_3","pfu","large
deletion",16592592.5926667,12033560.7542779
"225",5,"15_5","ev_pop_3","cfu","large
deletion",17611111.10975,18023647.016518
"226",5,"15_5","ev_pop_3","pfu","large
deletion",15222222.2233333,14366026.4549602
"227",5,"15_6","ev_pop_3","cfu","cas
deletion",22194444.44325,21792205.1590972
"228",5,"15_6","ev_pop_3","pfu","cas
deletion",16462962.9633333,12817611.0229809
"229",5,"Lys2_1","anc_pop_2","cfu","ancestral",6888888.8895,6546446.90665574
"230",5,"Lys2_1","anc_pop_2","pfu","ancestral",23527777.77675,14735912.5705891
"231",5,"Lys2_2","anc_pop_2","cfu","ancestral",9416666.66675,7632168.76115316
"232",5,"Lys2_2","anc_pop_2","pfu","ancestral",20277777.77825,11267601.6859123
"233",5,"Lys2_3","anc_pop_2","cfu","ancestral",9972222.22225,5963106.73913687
"234",5,"Lys2_3","anc_pop_2","pfu","ancestral",21972222.2205,11965098.4206788
"235",5,"Lys2_4","anc_pop_2","cfu","ancestral",6888888.8885,2910177.9670751
"236",5,"Lys2_4","anc_pop_2","pfu","ancestral",18638888.88975,14222330.7296306
"237",5,"Lys2_5","anc_pop_2","cfu","ancestral",8833333.33225,4017963.77658262
"238",5,"Lys2_5","anc_pop_2","pfu","ancestral",18763888.889,14332498.8977929
"239",5,"Lys2_6","anc_pop_2","cfu","ancestral",9527777.77875,4437378.64480325
"240",5,"Lys2_6","anc_pop_2","pfu","ancestral",28972222.2235,14535999.0200482
"241",6,"13_1","ev_pop_1","cfu","spacer
deletion",80555555.555,17320508.0765441
"242",6,"13_1","ev_pop_1","pfu","spacer
deletion",35833333.335,17716909.6850689
"243",6,"13_2","ev_pop_1","cfu","spacer
deletion",83888888.8875,7508568.49077495
"244",6,"13_2","ev_pop_1","pfu","spacer
deletion",46111111.1125,11776380.0739659
"245",6,"13_3","ev_pop_1","cfu","large
deletion",98333333.3475,16666666.6841111
"246",6,"13_3","ev_pop_1","pfu","large
deletion",22777777.7775,10363754.5050402
"247",6,"13_4","ev_pop_1","cfu","large
deletion",75277777.7725,18243325.6190362
"248",6,"13_4","ev_pop_1","pfu","large
deletion",28055555.555,15749452.9279212
"249",6,"13_5","ev_pop_1","cfu","spacer
mutation",84722222.215,13709958.5175102
"250",6,"13_5","ev_pop_1","pfu","spacer
mutation",4e+07,11582589.4625699
"251",6,"13_6","ev_pop_1","cfu","spacer
mutation",8e+07,12893996.432321
"252",6,"13_6","ev_pop_1","pfu","spacer
mutation",39444444.4425,19552609.2066523
"253",6,"14_1","ev_pop_2","cfu","large
deletion",77407407.4066667,11349298.8525841
"254",6,"14_1","ev_pop_2","pfu","large
deletion",28888888.89,8012336.16939267
"255",6,"14_2","ev_pop_2","cfu","cas
mutation",69629629.6266667,4490502.09498009
"256",6,"14_2","ev_pop_2","pfu","cas
mutation",4e+07,7286042.80740637
"257",6,"14_3","ev_pop_2","cfu","large
deletion",79629629.63,12289377.7924982
"258",6,"14_3","ev_pop_2","pfu","large
deletion",27037037.0366667,11564811.1077893
"259",6,"14_4","ev_pop_2","cfu","spacer
deletion",94074074.0633333,17261007.6815793
"260",6,"14_4","ev_pop_2","pfu","spacer
deletion",40370370.37,641500.298458084
"261",6,"14_5","ev_pop_2","cfu","spacer
mutation",89629629.63,11880751.7996764
"262",6,"14_5","ev_pop_2","pfu","spacer
mutation",50370370.37,1283000.59691617
"263",6,"14_6","ev_pop_2","cfu","large
deletion",81851851.8533333,5010277.50293121
"264",6,"14_6","ev_pop_2","pfu","large
deletion",20740740.7433333,6318045.22489243
"265",6,"15_1","ev_pop_3","cfu","cas
mutation",77500000.0025,7446655.28306048
"266",6,"15_1","ev_pop_3","pfu","cas
mutation",38055555.555,12615719.5060263
"267",6,"15_2","ev_pop_3","cfu","spacer
deletion",66944444.445,15775560.617444
"268",6,"15_2","ev_pop_3","pfu","spacer
deletion",33055555.555,17222222.222043
"269",6,"15_3","ev_pop_3","cfu","cas
mutation",70277777.775,10555555.5545614
"270",6,"15_3","ev_pop_3","pfu","cas
mutation",38333333.3325,22816137.5253508
"271",6,"15_4","ev_pop_3","cfu","large
deletion",88055555.55,19717657.2594002
"272",6,"15_4","ev_pop_3","pfu","large
deletion",36666666.665,25304727.1873525
"273",6,"15_5","ev_pop_3","cfu","large
deletion",81666666.6775,20816660.0066709
"274",6,"15_5","ev_pop_3","pfu","large
deletion",32222222.2225,25772030.0109237
"275",6,"15_6","ev_pop_3","cfu","cas
deletion",77777777.7725,19938176.0420544
"276",6,"15_6","ev_pop_3","pfu","cas
deletion",38333333.3325,26920092.0897339
"277",6,"Lys2_1","anc_pop_2","cfu","ancestral",53611111.1125,7501714.47935973
"278",6,"Lys2_1","anc_pop_2","pfu","ancestral",38611111.1125,13127265.629177
"279",6,"Lys2_2","anc_pop_2","cfu","ancestral",56666666.665,10579893.9674337
"280",6,"Lys2_2","anc_pop_2","pfu","ancestral",38333333.335,18246145.0894795
"281",6,"Lys2_3","anc_pop_2","cfu","ancestral",55555555.555,4625924.44343599
"282",6,"Lys2_3","anc_pop_2","pfu","ancestral",35555555.5575,16127067.4505544
"283",6,"Lys2_4","anc_pop_2","cfu","ancestral",48055555.555,13888888.8873333
"284",6,"Lys2_4","anc_pop_2","pfu","ancestral",31111111.1125,10848754.4545739
"285",6,"Lys2_5","anc_pop_2","cfu","ancestral",48333333.33,9274062.24185732
"286",6,"Lys2_5","anc_pop_2","pfu","ancestral",40277777.78,18644938.8538164
"287",6,"Lys2_6","anc_pop_2","cfu","ancestral",55833333.3325,15618259.8647045
"288",6,"Lys2_6","anc_pop_2","pfu","ancestral",44722222.2225,18039166.3499575
"289",7,"13_1","ev_pop_1","cfu","spacer
deletion",461111111.125,99587627.1044979
"290",7,"13_1","ev_pop_1","pfu","spacer
deletion",134166666.675,54745013.1096873
"291",7,"13_2","ev_pop_1","cfu","spacer
deletion",486111111.125,102389155.138518
"292",7,"13_2","ev_pop_1","pfu","spacer
deletion",108055555.5425,16957341.7746274
"293",7,"13_3","ev_pop_1","cfu","large
deletion",533333333.325,125380080.557384
"294",7,"13_3","ev_pop_1","pfu","large
deletion",95555555.55,41544264.647972
"295",7,"13_4","ev_pop_1","cfu","large
deletion",452777777.775,114889462.006863
"296",7,"13_4","ev_pop_1","pfu","large
deletion",84999999.995,56251200.2499327
"297",7,"13_5","ev_pop_1","cfu","spacer
mutation",452777777.8,29221729.3480474
"298",7,"13_5","ev_pop_1","pfu","spacer
mutation",104166666.68,22957735.3787381
"299",7,"13_6","ev_pop_1","cfu","spacer
mutation",497222222.225,34396621.4859862
"300",7,"13_6","ev_pop_1","pfu","spacer
mutation",127499999.985,64657215.8033482
"301",7,"14_1","ev_pop_2","cfu","large
deletion",403703703.7,194470897.676985
"302",7,"14_1","ev_pop_2","pfu","large
deletion",189629629.6,125419460.815665
"303",7,"14_2","ev_pop_2","cfu","cas
mutation",437037037.033333,61195228.293428
"304",7,"14_2","ev_pop_2","pfu","cas
mutation",175925925.933333,79801709.0020646
"305",7,"14_3","ev_pop_2","cfu","large
deletion",448148148.133333,106766928.188916
"306",7,"14_3","ev_pop_2","pfu","large
deletion",149999999.98,82214714.3505391
"307",7,"14_4","ev_pop_2","cfu","spacer
deletion",474074074.1,97076610.5341465
"308",7,"14_4","ev_pop_2","pfu","spacer
deletion",229259259.263333,114127572.832696
"309",7,"14_5","ev_pop_2","cfu","spacer
mutation",444444444.433333,58794473.5771133
"310",7,"14_5","ev_pop_2","pfu","spacer
mutation",202592592.59,152818513.107003
"311",7,"14_6","ev_pop_2","cfu","large
deletion",374074074.066667,55924699.510958
"312",7,"14_6","ev_pop_2","pfu","large
deletion",128888888.883333,80951135.9860051
"313",7,"15_1","ev_pop_3","cfu","cas
mutation",4e+08,115113113.118941
"314",7,"15_1","ev_pop_3","pfu","cas
mutation",145277777.7775,72426349.7008678
"315",7,"15_2","ev_pop_3","cfu","spacer
deletion",330555555.55,57645860.7899474
"316",7,"15_2","ev_pop_3","pfu","spacer
deletion",117777777.7775,41086078.4745349
"317",7,"15_3","ev_pop_3","cfu","cas
mutation",459259259.266667,72293412.1835734
"318",7,"15_3","ev_pop_3","pfu","cas
mutation",153888888.91,124848879.864514
"319",7,"15_4","ev_pop_3","cfu","large
deletion",433333333.333333,128139584.408836
"320",7,"15_4","ev_pop_3","pfu","large
deletion",143888888.8975,109474991.047306
"321",7,"15_5","ev_pop_3","cfu","large
deletion",429629629.633333,73981423.5798225
"322",7,"15_5","ev_pop_3","pfu","large
deletion",91666666.66,87871492.3913034
"323",7,"15_6","ev_pop_3","cfu","cas
deletion",407407407.4,23129622.1931608
"324",7,"15_6","ev_pop_3","pfu","cas
deletion",136944444.445,77837939.6849132
"325",7,"Lys2_1","anc_pop_2","cfu","ancestral",255555555.55,48005486.6531586
"326",7,"Lys2_1","anc_pop_2","pfu","ancestral",205277777.76,154380149.129082
"327",7,"Lys2_2","anc_pop_2","cfu","ancestral",216666666.65,61864048.4918541
"328",7,"Lys2_2","anc_pop_2","pfu","ancestral",187500000,134884114.250749
"329",7,"Lys2_3","anc_pop_2","cfu","ancestral",219444444.45,68116941.3506742
"330",7,"Lys2_3","anc_pop_2","pfu","ancestral",200000000.0075,155036169.959981
"331",7,"Lys2_4","anc_pop_2","cfu","ancestral",230555555.55,103587898.322181
"332",7,"Lys2_4","anc_pop_2","pfu","ancestral",134444444.4475,69643418.6528842
"333",7,"Lys2_5","anc_pop_2","cfu","ancestral",238888888.925,41076061.1433655
"334",7,"Lys2_5","anc_pop_2","pfu","ancestral",250277777.765,199413491.859884
"335",7,"Lys2_6","anc_pop_2","cfu","ancestral",3e+08,135476601.170125
"336",7,"Lys2_6","anc_pop_2","pfu","ancestral",227500000.015,161029034.030726
"337",10,"13_1","ev_pop_1","cfu","spacer
deletion",2295185185.11111,824978301.244649
"338",10,"13_1","ev_pop_1","pfu","spacer
deletion",2925592592.55556,3074169371.92686
"339",10,"13_2","ev_pop_1","cfu","spacer
deletion",2591851851.88889,1289416438.99409
"340",10,"13_2","ev_pop_1","pfu","spacer
deletion",2425083333.3375,2214142499.46108
"341",10,"13_3","ev_pop_1","cfu","large
deletion",2407037036.96667,1127312985.71432
"342",10,"13_3","ev_pop_1","pfu","large
deletion",2024666666.71429,1771018068.78423
"343",10,"13_4","ev_pop_1","cfu","large
deletion",2407037037.11111,1244880008.15119
"344",10,"13_4","ev_pop_1","pfu","large
deletion",1945833333.3375,1715662452.46012
"345",10,"13_5","ev_pop_1","cfu","spacer
mutation",2814444444.44444,1405996088.26704
"346",10,"13_5","ev_pop_1","pfu","spacer
mutation",2622666666.66667,2481763726.56065
"347",10,"13_6","ev_pop_1","cfu","spacer
mutation",2.625e+09,1289980927.64294
"348",10,"13_6","ev_pop_1","pfu","spacer
mutation",2450083333.375,2145716299.14892
"349",10,"14_1","ev_pop_2","cfu","large
deletion",1925222222.22222,877650525.234529
"350",10,"14_1","ev_pop_2","pfu","large
deletion",495888888.888889,318859469.219766
"351",10,"14_2","ev_pop_2","cfu","cas
mutation",3037777777.77778,1184185139.42898
"352",10,"14_2","ev_pop_2","pfu","cas
mutation",736666666.666667,265978382.580239
"353",10,"14_3","ev_pop_2","cfu","large
deletion",2.52e+09,1225867040.09856
"354",10,"14_3","ev_pop_2","pfu","large
deletion",748555555.555556,386543371.147117
"355",10,"14_4","ev_pop_2","cfu","spacer
deletion",2815555555.55556,1491200113.25703
"356",10,"14_4","ev_pop_2","pfu","spacer
deletion",859333333.333333,822211195.496632
"357",10,"14_5","ev_pop_2","cfu","spacer
mutation",2554111111.11111,1374278760.33617
"358",10,"14_5","ev_pop_2","pfu","spacer
mutation",8.81e+08,443804010.797559
"359",10,"14_6","ev_pop_2","cfu","large
deletion",2333333333.33333,818031173.000149
"360",10,"14_6","ev_pop_2","pfu","large
deletion",492555555.555556,227855826.736508
"361",10,"15_1","ev_pop_3","cfu","cas
mutation",3371111111.11111,1195737801.0389
"362",10,"15_1","ev_pop_3","pfu","cas
mutation",1211962962.93333,853144598.981275
"363",10,"15_2","ev_pop_3","cfu","spacer
deletion",2665555555.55556,798961131.094623
"364",10,"15_2","ev_pop_3","pfu","spacer
deletion",1007851851.81111,550892082.352116
"365",10,"15_3","ev_pop_3","cfu","cas
mutation",3258518518.55556,939465142.04649
"366",10,"15_3","ev_pop_3","pfu","cas
mutation",1074111111.07778,528826189.653927
"367",10,"15_4","ev_pop_3","cfu","large
deletion",3148888889,973573029.955751
"368",10,"15_4","ev_pop_3","pfu","large
deletion",1478259259.22222,885789176.905301
"369",10,"15_5","ev_pop_3","cfu","large
deletion",3150000000.11111,1000957874.63601
"370",10,"15_5","ev_pop_3","pfu","large
deletion",9.77e+08,461310843.653411
"371",10,"15_6","ev_pop_3","cfu","cas
deletion",3185185185.22222,943124404.271302
"372",10,"15_6","ev_pop_3","pfu","cas
deletion",1458185185.18889,724130457.646227
"373",10,"Lys2_1","anc_pop_2","cfu","ancestral",1777777777.74444,833333333.483333
"374",10,"Lys2_1","anc_pop_2","pfu","ancestral",3244481481.55556,2846161972.73551
"375",10,"Lys2_2","anc_pop_2","cfu","ancestral",1889259259.22222,707565815.106143
"376",10,"Lys2_2","anc_pop_2","pfu","ancestral",2926333333.33333,2558125214.14066
"377",10,"Lys2_3","anc_pop_2","cfu","ancestral",2222222222.22222,666877050.054123
"378",10,"Lys2_3","anc_pop_2","pfu","ancestral",3805222222.22222,2707198716.18555
"379",10,"Lys2_4","anc_pop_2","cfu","ancestral",2258888889,741913816.510868
"380",10,"Lys2_4","anc_pop_2","pfu","ancestral",3225888888.88889,2751037465.95413
"381",10,"Lys2_5","anc_pop_2","cfu","ancestral",2518888888.88889,1281553961.24523
"382",10,"Lys2_5","anc_pop_2","pfu","ancestral",3611518518.44444,2811153273.17307
"383",10,"Lys2_6","anc_pop_2","cfu","ancestral",2481111111.11111,1385998436.79766
"384",10,"Lys2_6","anc_pop_2","pfu","ancestral",3639962963,3322543041.45904
"385",12,"13_1","ev_pop_1","cfu","spacer
deletion",3666296296.22222,881602777.21322
"386",12,"13_1","ev_pop_1","pfu","spacer
deletion",1628555555.55556,512030977.822631
"387",12,"13_2","ev_pop_1","cfu","spacer
deletion",3037777777.66667,632945056.294164
"388",12,"13_2","ev_pop_1","pfu","spacer
deletion",1740037037,571284625.589667
"389",12,"13_3","ev_pop_1","cfu","large
deletion",3407037037.11111,1351852067.41223
"390",12,"13_3","ev_pop_1","pfu","large
deletion",1371074074.11111,513038708.163444
"391",12,"13_4","ev_pop_1","cfu","large
deletion",3147407407.44444,868109020.568646
"392",12,"13_4","ev_pop_1","pfu","large
deletion",916291666.7125,426793003.605061
"393",12,"13_5","ev_pop_1","cfu","spacer
mutation",3333703703.55556,912264344.737388
"394",12,"13_5","ev_pop_1","pfu","spacer
mutation",2074111111.11111,794665478.256941
"395",12,"13_6","ev_pop_1","cfu","spacer
mutation",2851851851.85556,973983959.419814
"396",12,"13_6","ev_pop_1","pfu","spacer
mutation",1556703703.66667,851427403.526222
"397",12,"14_1","ev_pop_2","cfu","large
deletion",2038111111.11111,1072853490.04937
"398",12,"14_1","ev_pop_2","pfu","large
deletion",1236571428.57143,762093138.91476
"399",12,"14_2","ev_pop_2","cfu","cas
mutation",3184444444.44444,1364964386.99981
"400",12,"14_2","ev_pop_2","pfu","cas
mutation",1074111111.11111,465407736.410893
"401",12,"14_3","ev_pop_2","cfu","large
deletion",3.11e+09,849676408.993447
"402",12,"14_3","ev_pop_2","pfu","large
deletion",1221888888.88889,781845164.409879
"403",12,"14_4","ev_pop_2","cfu","spacer
deletion",3295555555.55556,1408333333.33333
"404",12,"14_4","ev_pop_2","pfu","spacer
deletion",1111111111.11111,833535008.929506
"405",12,"14_5","ev_pop_2","cfu","spacer
mutation",3001111111.11111,667503641.271799
"406",12,"14_5","ev_pop_2","pfu","spacer
mutation",1704444444.44444,904516460.755567
"407",12,"14_6","ev_pop_2","cfu","large
deletion",3295555555.55556,733946713.173223
"408",12,"14_6","ev_pop_2","pfu","large
deletion",722333333.333333,250983399.185418
"409",12,"15_1","ev_pop_3","cfu","cas
mutation",3630370370.33333,1317477012.72731
"410",12,"15_1","ev_pop_3","pfu","cas
mutation",1703333333.3,537891975.957973
"411",12,"15_2","ev_pop_3","cfu","spacer
deletion",3417500000.125,1814537196.63609
"412",12,"15_2","ev_pop_3","pfu","spacer
deletion",1630444444.44444,824468903.143108
"413",12,"15_3","ev_pop_3","cfu","cas
mutation",2444444444.44444,782094765.517581
"414",12,"15_3","ev_pop_3","pfu","cas
mutation",1249958333.3375,636033103.793685
"415",12,"15_4","ev_pop_3","cfu","large
deletion",2666296296.33333,1130759877.91944
"416",12,"15_4","ev_pop_3","pfu","large
deletion",1295518518.44444,587253189.54917
"417",12,"15_5","ev_pop_3","cfu","large
deletion",2924444444.44444,1187071560.18498
"418",12,"15_5","ev_pop_3","pfu","large
deletion",1072925925.96667,399887615.442595
"419",12,"15_6","ev_pop_3","cfu","cas
deletion",2297037037.11111,790512218.678185
"420",12,"15_6","ev_pop_3","pfu","cas
deletion",1629629629.66667,485190238.965763
"421",12,"Lys2_1","anc_pop_2","cfu","ancestral",2584166666.625,987140732.295665
"422",12,"Lys2_1","anc_pop_2","pfu","ancestral",1630740740.74444,655063138.994346
"423",12,"Lys2_2","anc_pop_2","cfu","ancestral",3001111111.22222,645499376.021516
"424",12,"Lys2_2","anc_pop_2","pfu","ancestral",1924444444.44444,641590904.510031
"425",12,"Lys2_3","anc_pop_2","cfu","ancestral",2036296296.22222,889081055.745235
"426",12,"Lys2_3","anc_pop_2","pfu","ancestral",2222222222.22222,832169186.92455
"427",12,"Lys2_4","anc_pop_2","cfu","ancestral",3333703703.66667,999722801.072677
"428",12,"Lys2_4","anc_pop_2","pfu","ancestral",2704814814.77778,857016969.675526
"429",12,"Lys2_5","anc_pop_2","cfu","ancestral",2666296296.22222,1130511738.12573
"430",12,"Lys2_5","anc_pop_2","pfu","ancestral",2038148148.22222,824137783.600436
"431",12,"Lys2_6","anc_pop_2","cfu","ancestral",2371481481.55556,695445722.478322
"432",12,"Lys2_6","anc_pop_2","pfu","ancestral",2184814814.74444,1056552453.24862
"433",15,"13_1","ev_pop_1","cfu","spacer
deletion",4185185185.22222,603487805.076907
"434",15,"13_1","ev_pop_1","pfu","spacer
deletion",2195833333.3375,1693634909.39788
"435",15,"13_2","ev_pop_1","cfu","spacer
deletion",4333333333.33333,623834468.807409
"436",15,"13_2","ev_pop_1","pfu","spacer
deletion",1721851851.85556,1117682511.95181
"437",15,"13_3","ev_pop_1","cfu","large
deletion",4111851851.88889,1258674469.20886
"438",15,"13_3","ev_pop_1","pfu","large
deletion",1288750000,846160211.292145
"439",15,"13_4","ev_pop_1","cfu","large
deletion",4.26e+09,617843471.636987
"440",15,"13_4","ev_pop_1","pfu","large
deletion",1058375000,612471585.022263
"441",15,"13_5","ev_pop_1","cfu","spacer
mutation",4517777777.77778,1366080158.8446
"442",15,"13_5","ev_pop_1","pfu","spacer
mutation",1837444444.45556,1416234894.97688
"443",15,"13_6","ev_pop_1","cfu","spacer
mutation",4629259259.33333,889497014.219619
"444",15,"13_6","ev_pop_1","pfu","spacer
mutation",1863333333.34444,1214138926.69013
"445",15,"14_1","ev_pop_2","cfu","large
deletion",3041250000,1188690005.24587
"446",15,"14_1","ev_pop_2","pfu","large
deletion",1018571428.57143,527425147.024946
"447",15,"14_2","ev_pop_2","cfu","cas
mutation",3815555555.55556,1474246511.87574
"448",15,"14_2","ev_pop_2","pfu","cas
mutation",1074111111.11111,485207801.989118
"449",15,"14_3","ev_pop_2","cfu","large
deletion",3888888888.88889,623166198.626908
"450",15,"14_3","ev_pop_2","pfu","large
deletion",1352857142.85714,635704446.151781
"451",15,"14_4","ev_pop_2","cfu","spacer
deletion",3.74e+09,761807062.188321
"452",15,"14_4","ev_pop_2","pfu","spacer
deletion",1147777777.77778,581110096.663657
"453",15,"14_5","ev_pop_2","cfu","spacer
mutation",3257777777.77778,777621015.948286
"454",15,"14_5","ev_pop_2","pfu","spacer
mutation",1478888888.88889,974183432.98945
"455",15,"14_6","ev_pop_2","cfu","large
deletion",3.48e+09,1155530181.34534
"456",15,"14_6","ev_pop_2","pfu","large
deletion",807500000,349020261.384841
"457",15,"15_1","ev_pop_3","cfu","cas
mutation",4665925926,1958104084.42411
"458",15,"15_1","ev_pop_3","pfu","cas
mutation",903416666.6625,273378669.294862
"459",15,"15_2","ev_pop_3","cfu","spacer
deletion",4297037037.11111,1975171191.28432
"460",15,"15_2","ev_pop_3","pfu","spacer
deletion",1017777777.76667,223817882.330082
"461",15,"15_3","ev_pop_3","cfu","cas
mutation",3110740740.77778,971017189.707176
"462",15,"15_3","ev_pop_3","pfu","cas
mutation",1111851851.81111,601720037.12229
"463",15,"15_4","ev_pop_3","cfu","large
deletion",3925185185.11111,1102061340.22998
"464",15,"15_4","ev_pop_3","pfu","large
deletion",1284238095.14286,589953692.909409
"465",15,"15_5","ev_pop_3","cfu","large
deletion",3999629629.66667,1386043975.23677
"466",15,"15_5","ev_pop_3","pfu","large
deletion",905238095.242857,418913352.404463
"467",15,"15_6","ev_pop_3","cfu","cas
deletion",3703703703.66667,1655921566.51814
"468",15,"15_6","ev_pop_3","pfu","cas
deletion",1.11e+09,583224751.802901
"469",15,"Lys2_1","anc_pop_2","cfu","ancestral",1958333333.25,966707716.710495
"470",15,"Lys2_1","anc_pop_2","pfu","ancestral",4593703703.77778,996307689.600878
"471",15,"Lys2_2","anc_pop_2","cfu","ancestral",2591851851.88889,1176074108.39028
"472",15,"Lys2_2","anc_pop_2","pfu","ancestral",4666666666.66667,1500742408.85044
"473",15,"Lys2_3","anc_pop_2","cfu","ancestral",1814851851.74444,867912039.531598
"474",15,"Lys2_3","anc_pop_2","pfu","ancestral",4442962962.88889,1280446367.93952
"475",15,"Lys2_4","anc_pop_2","cfu","ancestral",3444481481.55556,1154721793.25494
"476",15,"Lys2_4","anc_pop_2","pfu","ancestral",5518888888.77778,800621286.454568
"477",15,"Lys2_5","anc_pop_2","cfu","ancestral",2111444444.55556,1312250463.16747
"478",15,"Lys2_5","anc_pop_2","pfu","ancestral",3924074074.11111,1090065973.7298
"479",15,"Lys2_6","anc_pop_2","cfu","ancestral",2555185185.22222,898715304.019601
"480",15,"Lys2_6","anc_pop_2","pfu","ancestral",5371481481.44444,1195144239.37989
"481",18,"13_1","ev_pop_1","cfu","spacer
deletion",4290833333.375,1795541877.86825
"482",18,"13_1","ev_pop_1","pfu","spacer
deletion",2470888888.88889,3155460126.68693
"483",18,"13_2","ev_pop_1","cfu","spacer
deletion",5369629629.55556,789633256.005988
"484",18,"13_2","ev_pop_1","pfu","spacer
deletion",2274666666.66667,2763308252.80134
"485",18,"13_3","ev_pop_1","cfu","large
deletion",4629629629.44444,1218201593.94778
"486",18,"13_3","ev_pop_1","pfu","large
deletion",1866666666.66667,2106916672.92911
"487",18,"13_4","ev_pop_1","cfu","large
deletion",5778148148.33333,1178945045.24453
"488",18,"13_4","ev_pop_1","pfu","large
deletion",2.067e+09,2541504623.24978
"489",18,"13_5","ev_pop_1","cfu","spacer
mutation",5629629629.55556,2251199954.4084
"490",18,"13_5","ev_pop_1","pfu","spacer
mutation",2822222222.22222,3007256049.03281
"491",18,"13_6","ev_pop_1","cfu","spacer
mutation",4999999999.88889,1434109285.95263
"492",18,"13_6","ev_pop_1","pfu","spacer
mutation",2359333333.33333,2205240746.49459
"493",18,"14_1","ev_pop_2","cfu","large
deletion",5258888888.88889,1664297482.75695
"494",18,"14_1","ev_pop_2","pfu","large
deletion",1003666666.66667,542006457.526107
"495",18,"14_2","ev_pop_2","cfu","cas
mutation",4962222222.22222,1687555760.39562
"496",18,"14_2","ev_pop_2","pfu","cas
mutation",1125744444.44444,781480078.298723
"497",18,"14_3","ev_pop_2","cfu","large
deletion",5407777777.77778,1151398907.60954
"498",18,"14_3","ev_pop_2","pfu","large
deletion",1192966666.66667,563762325.807605
"499",18,"14_4","ev_pop_2","cfu","spacer
deletion",5777777777.77778,1166670238.08977
"500",18,"14_4","ev_pop_2","pfu","spacer
deletion",1559255555.55556,859884287.435105
"501",18,"14_5","ev_pop_2","cfu","spacer
mutation",5112222222.22222,1864509169.84724
"502",18,"14_5","ev_pop_2","pfu","spacer
mutation",1230077777.77778,751740051.11105
"503",18,"14_6","ev_pop_2","cfu","large
deletion",5631111111.11111,1428569603.17344
"504",18,"14_6","ev_pop_2","pfu","large
deletion",1.27e+09,892775027.652544
"505",18,"15_1","ev_pop_3","cfu","cas
mutation",5999629629.66667,1333440041.96378
"506",18,"15_1","ev_pop_3","pfu","cas
mutation",1457125000,532337550.673577
"507",18,"15_2","ev_pop_3","cfu","spacer
deletion",5542499999.875,906154880.151107
"508",18,"15_2","ev_pop_3","pfu","spacer
deletion",2251625000,1294381698.78242
"509",18,"15_3","ev_pop_3","cfu","cas
mutation",5629259259.22222,734914541.019445
"510",18,"15_3","ev_pop_3","pfu","cas
mutation",2143285714.28571,1151945703.91226
"511",18,"15_4","ev_pop_3","cfu","large
deletion",5703333333.22222,1475031073.06564
"512",18,"15_4","ev_pop_3","pfu","large
deletion",1500875000,960302100.903669
"513",18,"15_5","ev_pop_3","cfu","large
deletion",6185185185.22222,818555827.010045
"514",18,"15_5","ev_pop_3","pfu","large
deletion",1815222222.22222,580312798.794275
"515",18,"15_6","ev_pop_3","cfu","cas
deletion",6297777777.77778,806725204.401515
"516",18,"15_6","ev_pop_3","pfu","cas
deletion",1813666666.66667,958573680.005872
"517",18,"Lys2_1","anc_pop_2","cfu","ancestral",4554814814.77778,2373484376.77591
"518",18,"Lys2_1","anc_pop_2","pfu","ancestral",15888888888.8889,12676586137.8808
"519",18,"Lys2_2","anc_pop_2","cfu","ancestral",4890000000.11111,3172670186.22848
"520",18,"Lys2_2","anc_pop_2","pfu","ancestral",27417777777.7778,21906668378.4743
"521",18,"Lys2_3","anc_pop_2","cfu","ancestral",5037777777.77778,2282617284.25702
"522",18,"Lys2_3","anc_pop_2","pfu","ancestral",26073333333.3333,23263032368.9755
"523",18,"Lys2_4","anc_pop_2","cfu","ancestral",6704444444.44444,1768256360.23174
"524",18,"Lys2_4","anc_pop_2","pfu","ancestral",35033333333.3333,23811866789.4812
"525",18,"Lys2_5","anc_pop_2","cfu","ancestral",5851111111.11111,1312570633.07296
"526",18,"Lys2_5","anc_pop_2","pfu","ancestral",13466666666.6667,9290691578.13346
"527",18,"Lys2_6","anc_pop_2","cfu","ancestral",7036666666.55556,1735060037.38848
"528",18,"Lys2_6","anc_pop_2","pfu","ancestral",30374444444.4444,17815151634.9926
