"","sample_id","type","treatment","dilution","colony_no","volume","amount","day","phage_no"
"1","13_1","cfu","treated",1e-04,7,0.003,23300000,"R1",1
"2","13_1","cfu","treated",1e-04,5,0.003,16700000,"R1",1
"3","13_1","cfu","treated",1e-04,7,0.003,23300000,"R1",1
"4","13_1","cfu","untreated",1e-06,16,0.003,5.33e+09,"R1",1
"5","13_1","cfu","untreated",1e-06,8,0.003,2.67e+09,"R1",1
"6","13_1","cfu","untreated",1e-06,9,0.003,3e+09,"R1",1
"7","13_1","pfu","treated",1e-07,7,0.003,2.33e+10,"R1",1
"8","13_1","pfu","treated",1e-07,8,0.003,2.67e+10,"R1",1
"9","13_1","pfu","treated",1e-07,10,0.003,3.33e+10,"R1",1
"10","13_1","pfu","untreated",1e-05,38,0.003,1.27e+09,"R1",1
"11","13_1","pfu","untreated",1e-05,34,0.003,1.13e+09,"R1",1
"12","13_1","pfu","untreated",1e-05,35,0.003,1.17e+09,"R1",1
"13","13_1","cfu","treated",1e-04,10,0.003,33300000,"R2",1
"14","13_1","cfu","treated",1e-04,17,0.003,56700000,"R2",1
"15","13_1","cfu","treated",1e-04,8,0.003,26700000,"R2",1
"16","13_1","cfu","untreated",1e-06,14,0.003,4.67e+09,"R2",1
"17","13_1","cfu","untreated",1e-06,7,0.003,2.33e+09,"R2",1
"18","13_1","cfu","untreated",1e-06,7,0.003,2.33e+09,"R2",1
"19","13_1","pfu","treated",1e-07,13,0.003,4.33e+10,"R2",1
"20","13_1","pfu","treated",1e-07,9,0.003,3e+10,"R2",1
"21","13_1","pfu","treated",1e-07,15,0.003,5e+10,"R2",1
"22","13_1","pfu","untreated",1e-05,23,0.003,7.67e+08,"R2",1
"23","13_1","pfu","untreated",1e-05,32,0.003,1.07e+09,"R2",1
"24","13_1","pfu","untreated",1e-05,21,0.003,7e+08,"R2",1
"25","13_1","cfu","treated",1e-04,22,0.003,73300000,"R3",1
"26","13_1","cfu","treated",1e-04,19,0.003,63300000,"R3",1
"27","13_1","cfu","treated",1e-04,21,0.003,7e+07,"R3",1
"28","13_1","cfu","untreated",1e-06,12,0.003,4e+09,"R3",1
"29","13_1","cfu","untreated",1e-06,8,0.003,2.67e+09,"R3",1
"30","13_1","cfu","untreated",1e-06,11,0.003,3.67e+09,"R3",1
"31","13_1","pfu","treated",1e-07,25,0.003,8.33e+10,"R3",1
"32","13_1","pfu","treated",1e-07,31,0.003,1.03e+11,"R3",1
"33","13_1","pfu","treated",1e-07,26,0.003,8.67e+10,"R3",1
"34","13_1","pfu","untreated",1e-05,28,0.003,9.33e+08,"R3",1
"35","13_1","pfu","untreated",1e-05,31,0.003,1.03e+09,"R3",1
"36","13_1","pfu","untreated",1e-05,29,0.003,9.67e+08,"R3",1
"37","13_1","cfu","treated",1e-04,18,0.003,6e+07,"R4",1
"38","13_1","cfu","treated",1e-04,18,0.003,6e+07,"R4",1
"39","13_1","cfu","treated",1e-04,15,0.003,5e+07,"R4",1
"40","13_1","cfu","untreated",1e-06,16,0.003,5.33e+09,"R4",1
"41","13_1","cfu","untreated",1e-06,15,0.003,5e+09,"R4",1
"42","13_1","cfu","untreated",1e-06,12,0.003,4e+09,"R4",1
"43","13_1","pfu","treated",1e-07,6,0.003,2e+10,"R4",1
"44","13_1","pfu","treated",1e-07,5,0.003,1.67e+10,"R4",1
"45","13_1","pfu","treated",1e-07,7,0.003,2.33e+10,"R4",1
"46","13_1","pfu","untreated",1e-05,28,0.003,9.33e+08,"R4",1
"47","13_1","pfu","untreated",1e-05,29,0.003,9.67e+08,"R4",1
"48","13_1","pfu","untreated",1e-05,30,0.003,1e+09,"R4",1
"49","13_1","cfu","treated",1e-04,22,0.003,73300000,"R5",1
"50","13_1","cfu","treated",1e-04,17,0.003,56700000,"R5",1
"51","13_1","cfu","treated",1e-04,15,0.003,5e+07,"R5",1
"52","13_1","cfu","untreated",1e-06,8,0.003,2.67e+09,"R5",1
"53","13_1","cfu","untreated",1e-06,5,0.003,1.67e+09,"R5",1
"54","13_1","cfu","untreated",1e-06,8,0.003,2.67e+09,"R5",1
"55","13_1","pfu","treated",1e-07,13,0.003,4.33e+10,"R5",1
"56","13_1","pfu","treated",1e-07,17,0.003,5.67e+10,"R5",1
"57","13_1","pfu","treated",1e-07,10,0.003,3.33e+10,"R5",1
"58","13_1","pfu","untreated",1e-05,25,0.003,8.33e+08,"R5",1
"59","13_1","pfu","untreated",1e-05,27,0.003,9e+08,"R5",1
"60","13_1","pfu","untreated",1e-05,26,0.003,8.67e+08,"R5",1
"61","13_3","cfu","treated",1e-04,15,0.003,5e+07,"R1",2
"62","13_3","cfu","treated",1e-04,16,0.003,53300000,"R1",2
"63","13_3","cfu","treated",1e-04,13,0.003,43300000,"R1",2
"64","13_3","cfu","untreated",1e-06,7,0.003,2.33e+09,"R1",2
"65","13_3","cfu","untreated",1e-06,10,0.003,3.33e+09,"R1",2
"66","13_3","cfu","untreated",1e-06,3,0.003,1e+09,"R1",2
"67","13_3","pfu","treated",1e-07,5,0.003,1.67e+10,"R1",2
"68","13_3","pfu","treated",1e-07,2,0.003,6.67e+09,"R1",2
"69","13_3","pfu","treated",1e-07,0,0.003,0,"R1",2
"70","13_3","pfu","untreated",1e-05,22,0.003,7.33e+08,"R1",2
"71","13_3","pfu","untreated",1e-05,18,0.003,6e+08,"R1",2
"72","13_3","pfu","untreated",1e-05,21,0.003,7e+08,"R1",2
"73","13_3","cfu","treated",1e-04,16,0.003,53300000,"R2",2
"74","13_3","cfu","treated",1e-04,14,0.003,46700000,"R2",2
"75","13_3","cfu","treated",1e-04,16,0.003,53300000,"R2",2
"76","13_3","cfu","untreated",1e-06,7,0.003,2.33e+09,"R2",2
"77","13_3","cfu","untreated",1e-06,3,0.003,1e+09,"R2",2
"78","13_3","cfu","untreated",1e-06,7,0.003,2.33e+09,"R2",2
"79","13_3","pfu","treated",1e-07,7,0.003,2.33e+10,"R2",2
"80","13_3","pfu","treated",1e-07,5,0.003,1.67e+10,"R2",2
"81","13_3","pfu","treated",1e-07,5,0.003,1.67e+10,"R2",2
"82","13_3","pfu","untreated",1e-05,18,0.003,6e+08,"R2",2
"83","13_3","pfu","untreated",1e-05,16,0.003,5.33e+08,"R2",2
"84","13_3","pfu","untreated",1e-05,12,0.003,4e+08,"R2",2
"85","13_3","cfu","treated",1e-05,5,0.003,1.67e+08,"R3",2
"86","13_3","cfu","treated",1e-05,7,0.003,2.33e+08,"R3",2
"87","13_3","cfu","treated",1e-05,6,0.003,2e+08,"R3",2
"88","13_3","cfu","untreated",1e-06,8,0.003,2.67e+09,"R3",2
"89","13_3","cfu","untreated",1e-06,8,0.003,2.67e+09,"R3",2
"90","13_3","cfu","untreated",1e-06,4,0.003,1.33e+09,"R3",2
"91","13_3","pfu","treated",1e-07,28,0.003,9.33e+10,"R3",2
"92","13_3","pfu","treated",1e-07,32,0.003,1.07e+11,"R3",2
"93","13_3","pfu","treated",1e-07,25,0.003,8.33e+10,"R3",2
"94","13_3","pfu","untreated",1e-05,16,0.003,5.33e+08,"R3",2
"95","13_3","pfu","untreated",1e-05,13,0.003,4.33e+08,"R3",2
"96","13_3","pfu","untreated",1e-05,10,0.003,3.33e+08,"R3",2
"97","13_3","cfu","treated",1e-04,25,0.003,83300000,"R4",2
"98","13_3","cfu","treated",1e-04,29,0.003,96700000,"R4",2
"99","13_3","cfu","treated",1e-04,24,0.003,8e+07,"R4",2
"100","13_3","cfu","untreated",1e-06,6,0.003,2e+09,"R4",2
"101","13_3","cfu","untreated",1e-06,10,0.003,3.33e+09,"R4",2
"102","13_3","cfu","untreated",1e-06,9,0.003,3e+09,"R4",2
"103","13_3","pfu","treated",1e-07,4,0.003,1.33e+10,"R4",2
"104","13_3","pfu","treated",1e-07,4,0.003,1.33e+10,"R4",2
"105","13_3","pfu","treated",1e-07,6,0.003,2e+10,"R4",2
"106","13_3","pfu","untreated",1e-05,24,0.003,8e+08,"R4",2
"107","13_3","pfu","untreated",1e-05,23,0.003,7.67e+08,"R4",2
"108","13_3","pfu","untreated",1e-05,20,0.003,6.67e+08,"R4",2
"109","13_3","cfu","treated",1e-04,21,0.003,7e+07,"R5",2
"110","13_3","cfu","treated",1e-04,27,0.003,9e+07,"R5",2
"111","13_3","cfu","treated",1e-04,18,0.003,6e+07,"R5",2
"112","13_3","cfu","untreated",1e-06,13,0.003,4.33e+09,"R5",2
"113","13_3","cfu","untreated",1e-06,8,0.003,2.67e+09,"R5",2
"114","13_3","cfu","untreated",1e-06,3,0.003,1e+09,"R5",2
"115","13_3","pfu","treated",1e-07,9,0.003,3e+10,"R5",2
"116","13_3","pfu","treated",1e-07,6,0.003,2e+10,"R5",2
"117","13_3","pfu","treated",1e-07,8,0.003,2.67e+10,"R5",2
"118","13_3","pfu","untreated",1e-05,20,0.003,6.67e+08,"R5",2
"119","13_3","pfu","untreated",1e-05,16,0.003,5.33e+08,"R5",2
"120","13_3","pfu","untreated",1e-05,23,0.003,7.67e+08,"R5",2
"121","14_3","cfu","treated",1e-04,15,0.003,5e+07,"R1",3
"122","14_3","cfu","treated",1e-04,23,0.003,76700000,"R1",3
"123","14_3","cfu","treated",1e-04,21,0.003,7e+07,"R1",3
"124","14_3","cfu","untreated",1e-06,14,0.003,4.67e+09,"R1",3
"125","14_3","cfu","untreated",1e-06,2,0.003,6.67e+08,"R1",3
"126","14_3","cfu","untreated",1e-06,6,0.003,2e+09,"R1",3
"127","14_3","pfu","treated",1e-07,9,0.003,3e+10,"R1",3
"128","14_3","pfu","treated",1e-07,15,0.003,5e+10,"R1",3
"129","14_3","pfu","treated",1e-07,7,0.003,2.33e+10,"R1",3
"130","14_3","pfu","untreated",1e-05,21,0.003,7e+08,"R1",3
"131","14_3","pfu","untreated",1e-05,23,0.003,7.67e+08,"R1",3
"132","14_3","pfu","untreated",1e-05,24,0.003,8e+08,"R1",3
"133","14_3","cfu","treated",1e-04,15,0.003,5e+07,"R2",3
"134","14_3","cfu","treated",1e-04,14,0.003,46700000,"R2",3
"135","14_3","cfu","treated",1e-04,12,0.003,4e+07,"R2",3
"136","14_3","cfu","untreated",1e-06,6,0.003,2e+09,"R2",3
"137","14_3","cfu","untreated",1e-06,4,0.003,1.33e+09,"R2",3
"138","14_3","cfu","untreated",1e-06,5,0.003,1.67e+09,"R2",3
"139","14_3","pfu","treated",1e-07,4,0.003,1.33e+10,"R2",3
"140","14_3","pfu","treated",1e-07,5,0.003,1.67e+10,"R2",3
"141","14_3","pfu","treated",1e-07,9,0.003,3e+10,"R2",3
"142","14_3","pfu","untreated",1e-05,14,0.003,4.67e+08,"R2",3
"143","14_3","pfu","untreated",1e-05,24,0.003,8e+08,"R2",3
"144","14_3","pfu","untreated",1e-05,13,0.003,4.33e+08,"R2",3
"145","14_3","cfu","treated",1e-05,13,0.003,4.33e+08,"R3",3
"146","14_3","cfu","treated",1e-05,13,0.003,4.33e+08,"R3",3
"147","14_3","cfu","treated",1e-05,11,0.003,3.67e+08,"R3",3
"148","14_3","cfu","untreated",1e-06,10,0.003,3.33e+09,"R3",3
"149","14_3","cfu","untreated",1e-06,11,0.003,3.67e+09,"R3",3
"150","14_3","cfu","untreated",1e-06,11,0.003,3.67e+09,"R3",3
"151","14_3","pfu","treated",1e-07,27,0.003,9e+10,"R3",3
"152","14_3","pfu","treated",1e-07,27,0.003,9e+10,"R3",3
"153","14_3","pfu","treated",1e-07,26,0.003,8.67e+10,"R3",3
"154","14_3","pfu","untreated",1e-05,16,0.003,5.33e+08,"R3",3
"155","14_3","pfu","untreated",1e-05,14,0.003,4.67e+08,"R3",3
"156","14_3","pfu","untreated",1e-05,16,0.003,5.33e+08,"R3",3
"157","14_3","cfu","treated",1e-04,22,0.003,73300000,"R4",3
"158","14_3","cfu","treated",1e-04,25,0.003,83300000,"R4",3
"159","14_3","cfu","treated",1e-04,21,0.003,7e+07,"R4",3
"160","14_3","cfu","untreated",1e-06,9,0.003,3e+09,"R4",3
"161","14_3","cfu","untreated",1e-06,10,0.003,3.33e+09,"R4",3
"162","14_3","cfu","untreated",1e-06,10,0.003,3.33e+09,"R4",3
"163","14_3","pfu","treated",1e-07,2,0.003,6.67e+09,"R4",3
"164","14_3","pfu","treated",1e-07,0,0.003,0,"R4",3
"165","14_3","pfu","treated",1e-07,5,0.003,1.67e+10,"R4",3
"166","14_3","pfu","untreated",1e-05,22,0.003,7.33e+08,"R4",3
"167","14_3","pfu","untreated",1e-05,23,0.003,7.67e+08,"R4",3
"168","14_3","pfu","untreated",1e-05,19,0.003,6.33e+08,"R4",3
"169","14_3","cfu","treated",1e-04,18,0.003,6e+07,"R5",3
"170","14_3","cfu","treated",1e-04,16,0.003,53300000,"R5",3
"171","14_3","cfu","treated",1e-04,23,0.003,76700000,"R5",3
"172","14_3","cfu","untreated",1e-06,6,0.003,2e+09,"R5",3
"173","14_3","cfu","untreated",1e-06,7,0.003,2.33e+09,"R5",3
"174","14_3","cfu","untreated",1e-06,8,0.003,2.67e+09,"R5",3
"175","14_3","pfu","treated",1e-07,8,0.003,2.67e+10,"R5",3
"176","14_3","pfu","treated",1e-07,7,0.003,2.33e+10,"R5",3
"177","14_3","pfu","treated",1e-07,5,0.003,1.67e+10,"R5",3
"178","14_3","pfu","untreated",1e-05,25,0.003,8.33e+08,"R5",3
"179","14_3","pfu","untreated",1e-05,22,0.003,7.33e+08,"R5",3
"180","14_3","pfu","untreated",1e-05,18,0.003,6e+08,"R5",3
"181","blank","cfu","treated",1e-04,0,0.003,0,"R1",NA
"182","blank","cfu","treated",1e-04,0,0.003,0,"R1",NA
"183","blank","cfu","treated",1e-04,0,0.003,0,"R1",NA
"184","blank","cfu","untreated",1e-06,0,0.003,0,"R1",NA
"185","blank","cfu","untreated",1e-06,0,0.003,0,"R1",NA
"186","blank","cfu","untreated",1e-06,0,0.003,0,"R1",NA
"187","blank","pfu","treated",1e-07,0,0.003,0,"R1",NA
"188","blank","pfu","treated",1e-07,0,0.003,0,"R1",NA
"189","blank","pfu","treated",1e-07,0,0.003,0,"R1",NA
"190","blank","pfu","untreated",1e-05,0,0.003,0,"R1",NA
"191","blank","pfu","untreated",1e-05,0,0.003,0,"R1",NA
"192","blank","pfu","untreated",1e-05,0,0.003,0,"R1",NA
"193","blank","cfu","treated",1e-04,0,0.003,0,"R2",NA
"194","blank","cfu","treated",1e-04,0,0.003,0,"R2",NA
"195","blank","cfu","treated",1e-04,0,0.003,0,"R2",NA
"196","blank","cfu","untreated",1e-06,0,0.003,0,"R2",NA
"197","blank","cfu","untreated",1e-06,0,0.003,0,"R2",NA
"198","blank","cfu","untreated",1e-06,0,0.003,0,"R2",NA
"199","blank","pfu","treated",1e-07,0,0.003,0,"R2",NA
"200","blank","pfu","treated",1e-07,0,0.003,0,"R2",NA
"201","blank","pfu","treated",1e-07,0,0.003,0,"R2",NA
"202","blank","pfu","untreated",1e-05,0,0.003,0,"R2",NA
"203","blank","pfu","untreated",1e-05,0,0.003,0,"R2",NA
"204","blank","pfu","untreated",1e-05,0,0.003,0,"R2",NA
"205","blank","cfu","treated",1e-04,0,0.003,0,"R3",NA
"206","blank","cfu","treated",1e-04,0,0.003,0,"R3",NA
"207","blank","cfu","treated",1e-04,0,0.003,0,"R3",NA
"208","blank","cfu","untreated",1e-06,0,0.003,0,"R3",NA
"209","blank","cfu","untreated",1e-06,0,0.003,0,"R3",NA
"210","blank","cfu","untreated",1e-06,0,0.003,0,"R3",NA
"211","blank","pfu","treated",1e-07,0,0.003,0,"R3",NA
"212","blank","pfu","treated",1e-07,0,0.003,0,"R3",NA
"213","blank","pfu","treated",1e-07,0,0.003,0,"R3",NA
"214","blank","pfu","untreated",1e-05,0,0.003,0,"R3",NA
"215","blank","pfu","untreated",1e-05,0,0.003,0,"R3",NA
"216","blank","pfu","untreated",1e-05,0,0.003,0,"R3",NA
"217","blank","cfu","treated",1e-04,0,0.003,0,"R4",NA
"218","blank","cfu","treated",1e-04,0,0.003,0,"R4",NA
"219","blank","cfu","treated",1e-04,0,0.003,0,"R4",NA
"220","blank","cfu","untreated",1e-06,0,0.003,0,"R4",NA
"221","blank","cfu","untreated",1e-06,0,0.003,0,"R4",NA
"222","blank","cfu","untreated",1e-06,0,0.003,0,"R4",NA
"223","blank","pfu","treated",1e-07,0,0.003,0,"R4",NA
"224","blank","pfu","treated",1e-07,0,0.003,0,"R4",NA
"225","blank","pfu","treated",1e-07,0,0.003,0,"R4",NA
"226","blank","pfu","untreated",1e-05,0,0.003,0,"R4",NA
"227","blank","pfu","untreated",1e-05,0,0.003,0,"R4",NA
"228","blank","pfu","untreated",1e-05,0,0.003,0,"R4",NA
"229","blank","cfu","treated",1e-04,0,0.003,0,"R5",NA
"230","blank","cfu","treated",1e-04,0,0.003,0,"R5",NA
"231","blank","cfu","treated",1e-04,0,0.003,0,"R5",NA
"232","blank","cfu","untreated",1e-06,0,0.003,0,"R5",NA
"233","blank","cfu","untreated",1e-06,0,0.003,0,"R5",NA
"234","blank","cfu","untreated",1e-06,0,0.003,0,"R5",NA
"235","blank","pfu","treated",1e-07,0,0.003,0,"R5",NA
"236","blank","pfu","treated",1e-07,0,0.003,0,"R5",NA
"237","blank","pfu","treated",1e-07,0,0.003,0,"R5",NA
"238","blank","pfu","untreated",1e-05,0,0.003,0,"R5",NA
"239","blank","pfu","untreated",1e-05,0,0.003,0,"R5",NA
"240","blank","pfu","untreated",1e-05,0,0.003,0,"R5",NA
"241","dCRISPR_lys","cfu","treated",1e-04,12,0.003,4e+07,"R1",1
"242","dCRISPR_lys","cfu","treated",1e-04,9,0.003,3e+07,"R1",1
"243","dCRISPR_lys","cfu","treated",1e-04,6,0.003,2e+07,"R1",1
"244","dCRISPR_lys","cfu","untreated",1e-06,9,0.003,3e+09,"R1",1
"245","dCRISPR_lys","cfu","untreated",1e-06,10,0.003,3.33e+09,"R1",1
"246","dCRISPR_lys","cfu","untreated",1e-06,4,0.003,1.33e+09,"R1",1
"247","dCRISPR_lys","pfu","treated",1e-07,9,0.003,3e+10,"R1",1
"248","dCRISPR_lys","pfu","treated",1e-07,8,0.003,2.67e+10,"R1",1
"249","dCRISPR_lys","pfu","treated",1e-07,4,0.003,1.33e+10,"R1",1
"250","dCRISPR_lys","pfu","untreated",1e-05,27,0.003,9e+08,"R1",1
"251","dCRISPR_lys","pfu","untreated",1e-05,30,0.003,1e+09,"R1",1
"252","dCRISPR_lys","pfu","untreated",1e-05,25,0.003,8.33e+08,"R1",1
"253","dCRISPR_lys","cfu","treated",1e-04,18,0.003,6e+07,"R2",1
"254","dCRISPR_lys","cfu","treated",1e-04,10,0.003,33300000,"R2",1
"255","dCRISPR_lys","cfu","treated",1e-04,14,0.003,46700000,"R2",1
"256","dCRISPR_lys","cfu","untreated",1e-06,8,0.003,2.67e+09,"R2",1
"257","dCRISPR_lys","cfu","untreated",1e-06,11,0.003,3.67e+09,"R2",1
"258","dCRISPR_lys","cfu","untreated",1e-06,10,0.003,3.33e+09,"R2",1
"259","dCRISPR_lys","pfu","treated",1e-07,14,0.003,4.67e+10,"R2",1
"260","dCRISPR_lys","pfu","treated",1e-07,18,0.003,6e+10,"R2",1
"261","dCRISPR_lys","pfu","treated",1e-07,24,0.003,8e+10,"R2",1
"262","dCRISPR_lys","pfu","untreated",1e-05,26,0.003,8.67e+08,"R2",1
"263","dCRISPR_lys","pfu","untreated",1e-05,24,0.003,8e+08,"R2",1
"264","dCRISPR_lys","pfu","untreated",1e-05,24,0.003,8e+08,"R2",1
"265","dCRISPR_lys","cfu","treated",1e-04,21,0.003,7e+07,"R3",1
"266","dCRISPR_lys","cfu","treated",1e-04,19,0.003,63300000,"R3",1
"267","dCRISPR_lys","cfu","treated",1e-04,20,0.003,66700000,"R3",1
"268","dCRISPR_lys","cfu","untreated",1e-06,12,0.003,4e+09,"R3",1
"269","dCRISPR_lys","cfu","untreated",1e-06,7,0.003,2.33e+09,"R3",1
"270","dCRISPR_lys","cfu","untreated",1e-06,9,0.003,3e+09,"R3",1
"271","dCRISPR_lys","pfu","treated",1e-07,27,0.003,9e+10,"R3",1
"272","dCRISPR_lys","pfu","treated",1e-07,19,0.003,6.33e+10,"R3",1
"273","dCRISPR_lys","pfu","treated",1e-07,18,0.003,6e+10,"R3",1
"274","dCRISPR_lys","pfu","untreated",1e-05,20,0.003,6.67e+08,"R3",1
"275","dCRISPR_lys","pfu","untreated",1e-05,18,0.003,6e+08,"R3",1
"276","dCRISPR_lys","pfu","untreated",1e-05,18,0.003,6e+08,"R3",1
"277","dCRISPR_lys","cfu","treated",1e-04,12,0.003,4e+07,"R4",1
"278","dCRISPR_lys","cfu","treated",1e-04,14,0.003,46700000,"R4",1
"279","dCRISPR_lys","cfu","treated",1e-04,13,0.003,43300000,"R4",1
"280","dCRISPR_lys","cfu","untreated",1e-06,12,0.003,4e+09,"R4",1
"281","dCRISPR_lys","cfu","untreated",1e-06,17,0.003,5.67e+09,"R4",1
"282","dCRISPR_lys","cfu","untreated",1e-06,14,0.003,4.67e+09,"R4",1
"283","dCRISPR_lys","pfu","treated",1e-07,7,0.003,2.33e+10,"R4",1
"284","dCRISPR_lys","pfu","treated",1e-07,9,0.003,3e+10,"R4",1
"285","dCRISPR_lys","pfu","treated",1e-07,9,0.003,3e+10,"R4",1
"286","dCRISPR_lys","pfu","untreated",1e-05,24,0.003,8e+08,"R4",1
"287","dCRISPR_lys","pfu","untreated",1e-05,27,0.003,9e+08,"R4",1
"288","dCRISPR_lys","pfu","untreated",1e-05,23,0.003,7.67e+08,"R4",1
"289","dCRISPR_lys","cfu","treated",1e-04,18,0.003,6e+07,"R5",1
"290","dCRISPR_lys","cfu","treated",1e-04,18,0.003,6e+07,"R5",1
"291","dCRISPR_lys","cfu","treated",1e-04,7,0.003,23300000,"R5",1
"292","dCRISPR_lys","cfu","untreated",1e-06,5,0.003,1.67e+09,"R5",1
"293","dCRISPR_lys","cfu","untreated",1e-06,5,0.003,1.67e+09,"R5",1
"294","dCRISPR_lys","cfu","untreated",1e-06,6,0.003,2e+09,"R5",1
"295","dCRISPR_lys","pfu","treated",1e-07,7,0.003,2.33e+10,"R5",1
"296","dCRISPR_lys","pfu","treated",1e-07,8,0.003,2.67e+10,"R5",1
"297","dCRISPR_lys","pfu","treated",1e-07,2,0.003,6.67e+09,"R5",1
"298","dCRISPR_lys","pfu","untreated",1e-05,15,0.003,5e+08,"R5",1
"299","dCRISPR_lys","pfu","untreated",1e-05,17,0.003,5.67e+08,"R5",1
"300","dCRISPR_lys","pfu","untreated",1e-05,16,0.003,5.33e+08,"R5",1
"301","Lys2","cfu","treated",1e-04,11,0.003,36700000,"R1",1
"302","Lys2","cfu","treated",1e-04,5,0.003,16700000,"R1",1
"303","Lys2","cfu","treated",1e-04,14,0.003,46700000,"R1",1
"304","Lys2","cfu","untreated",1e-06,6,0.003,2e+09,"R1",1
"305","Lys2","cfu","untreated",1e-06,7,0.003,2.33e+09,"R1",1
"306","Lys2","cfu","untreated",1e-06,9,0.003,3e+09,"R1",1
"307","Lys2","pfu","treated",1e-07,6,0.003,2e+10,"R1",1
"308","Lys2","pfu","treated",1e-07,12,0.003,4e+10,"R1",1
"309","Lys2","pfu","treated",1e-07,12,0.003,4e+10,"R1",1
"310","Lys2","pfu","untreated",1e-05,43,0.003,1.43e+09,"R1",1
"311","Lys2","pfu","untreated",1e-05,41,0.003,1.37e+09,"R1",1
"312","Lys2","pfu","untreated",1e-05,39,0.003,1.3e+09,"R1",1
"313","Lys2","cfu","treated",1e-04,11,0.003,36700000,"R2",1
"314","Lys2","cfu","treated",1e-04,11,0.003,36700000,"R2",1
"315","Lys2","cfu","treated",1e-04,7,0.003,23300000,"R2",1
"316","Lys2","cfu","untreated",1e-06,7,0.003,2.33e+09,"R2",1
"317","Lys2","cfu","untreated",1e-06,8,0.003,2.67e+09,"R2",1
"318","Lys2","cfu","untreated",1e-06,8,0.003,2.67e+09,"R2",1
"319","Lys2","pfu","treated",1e-07,11,0.003,3.67e+10,"R2",1
"320","Lys2","pfu","treated",1e-07,14,0.003,4.67e+10,"R2",1
"321","Lys2","pfu","treated",1e-07,11,0.003,3.67e+10,"R2",1
"322","Lys2","pfu","untreated",1e-05,52,0.003,1.73e+09,"R2",1
"323","Lys2","pfu","untreated",1e-05,46,0.003,1.53e+09,"R2",1
"324","Lys2","pfu","untreated",1e-05,45,0.003,1.5e+09,"R2",1
"325","Lys2","cfu","treated",1e-04,21,0.003,7e+07,"R3",1
"326","Lys2","cfu","treated",1e-04,15,0.003,5e+07,"R3",1
"327","Lys2","cfu","treated",1e-04,20,0.003,66700000,"R3",1
"328","Lys2","cfu","untreated",1e-06,5,0.003,1.67e+09,"R3",1
"329","Lys2","cfu","untreated",1e-06,9,0.003,3e+09,"R3",1
"330","Lys2","cfu","untreated",1e-06,7,0.003,2.33e+09,"R3",1
"331","Lys2","pfu","treated",1e-07,31,0.003,1.03e+11,"R3",1
"332","Lys2","pfu","treated",1e-07,18,0.003,6e+10,"R3",1
"333","Lys2","pfu","treated",1e-07,20,0.003,6.67e+10,"R3",1
"334","Lys2","pfu","untreated",1e-05,46,0.003,1.53e+09,"R3",1
"335","Lys2","pfu","untreated",1e-05,44,0.003,1.47e+09,"R3",1
"336","Lys2","pfu","untreated",1e-05,45,0.003,1.5e+09,"R3",1
"337","Lys2","cfu","treated",1e-04,14,0.003,46700000,"R4",1
"338","Lys2","cfu","treated",1e-04,12,0.003,4e+07,"R4",1
"339","Lys2","cfu","treated",1e-04,16,0.003,53300000,"R4",1
"340","Lys2","cfu","untreated",1e-06,10,0.003,3.33e+09,"R4",1
"341","Lys2","cfu","untreated",1e-06,8,0.003,2.67e+09,"R4",1
"342","Lys2","cfu","untreated",1e-06,6,0.003,2e+09,"R4",1
"343","Lys2","pfu","treated",1e-07,8,0.003,2.67e+10,"R4",1
"344","Lys2","pfu","treated",1e-07,9,0.003,3e+10,"R4",1
"345","Lys2","pfu","treated",1e-07,9,0.003,3e+10,"R4",1
"346","Lys2","pfu","untreated",1e-06,9,0.003,3e+09,"R4",1
"347","Lys2","pfu","untreated",1e-06,11,0.003,3.67e+09,"R4",1
"348","Lys2","pfu","untreated",1e-06,13,0.003,4.33e+09,"R4",1
"349","Lys2","cfu","treated",1e-04,14,0.003,46700000,"R5",1
"350","Lys2","cfu","treated",1e-04,20,0.003,66700000,"R5",1
"351","Lys2","cfu","treated",1e-04,13,0.003,43300000,"R5",1
"352","Lys2","cfu","untreated",1e-06,5,0.003,1.67e+09,"R5",1
"353","Lys2","cfu","untreated",1e-06,9,0.003,3e+09,"R5",1
"354","Lys2","cfu","untreated",1e-06,8,0.003,2.67e+09,"R5",1
"355","Lys2","pfu","treated",1e-06,40,0.003,1.33e+10,"R5",1
"356","Lys2","pfu","treated",1e-06,40,0.003,1.33e+10,"R5",1
"357","Lys2","pfu","treated",1e-06,43,0.003,1.43e+10,"R5",1
"358","Lys2","pfu","untreated",1e-05,37,0.003,1.23e+09,"R5",1
"359","Lys2","pfu","untreated",1e-05,32,0.003,1.07e+09,"R5",1
"360","Lys2","pfu","untreated",1e-05,39,0.003,1.3e+09,"R5",1
"361","PA14","cfu","treated",1e-04,33,0.003,1.1e+08,"R1",0
"362","PA14","cfu","treated",1e-04,35,0.003,1.17e+08,"R1",0
"363","PA14","cfu","treated",1e-04,32,0.003,1.07e+08,"R1",0
"364","PA14","cfu","untreated",1e-06,8,0.003,2.67e+09,"R1",0
"365","PA14","cfu","untreated",1e-06,10,0.003,3.33e+09,"R1",0
"366","PA14","cfu","untreated",1e-06,4,0.003,1.33e+09,"R1",0
"367","PA14","pfu","treated",1e-07,0,0.003,0,"R1",0
"368","PA14","pfu","treated",1e-07,0,0.003,0,"R1",0
"369","PA14","pfu","treated",1e-07,0,0.003,0,"R1",0
"370","PA14","pfu","untreated",1e-05,0,0.003,0,"R1",0
"371","PA14","pfu","untreated",1e-05,0,0.003,0,"R1",0
"372","PA14","pfu","untreated",1e-05,0,0.003,0,"R1",0
"373","PA14","cfu","treated",1e-04,29,0.003,96700000,"R2",0
"374","PA14","cfu","treated",1e-04,31,0.003,1.03e+08,"R2",0
"375","PA14","cfu","treated",1e-04,29,0.003,96700000,"R2",0
"376","PA14","cfu","untreated",1e-06,4,0.003,1.33e+09,"R2",0
"377","PA14","cfu","untreated",1e-06,4,0.003,1.33e+09,"R2",0
"378","PA14","cfu","untreated",1e-06,6,0.003,2e+09,"R2",0
"379","PA14","pfu","treated",1e-07,0,0.003,0,"R2",0
"380","PA14","pfu","treated",1e-07,0,0.003,0,"R2",0
"381","PA14","pfu","treated",1e-07,0,0.003,0,"R2",0
"382","PA14","pfu","untreated",1e-05,0,0.003,0,"R2",0
"383","PA14","pfu","untreated",1e-05,0,0.003,0,"R2",0
"384","PA14","pfu","untreated",1e-05,0,0.003,0,"R2",0
"385","PA14","cfu","treated",1e-05,22,0.003,7.33e+08,"R3",0
"386","PA14","cfu","treated",1e-05,20,0.003,6.67e+08,"R3",0
"387","PA14","cfu","treated",1e-05,19,0.003,6.33e+08,"R3",0
"388","PA14","cfu","untreated",1e-06,9,0.003,3e+09,"R3",0
"389","PA14","cfu","untreated",1e-06,10,0.003,3.33e+09,"R3",0
"390","PA14","cfu","untreated",1e-06,7,0.003,2.33e+09,"R3",0
"391","PA14","pfu","treated",1e-07,0,0.003,0,"R3",0
"392","PA14","pfu","treated",1e-07,0,0.003,0,"R3",0
"393","PA14","pfu","treated",1e-07,0,0.003,0,"R3",0
"394","PA14","pfu","untreated",1e-05,0,0.003,0,"R3",0
"395","PA14","pfu","untreated",1e-05,0,0.003,0,"R3",0
"396","PA14","pfu","untreated",1e-05,0,0.003,0,"R3",0
"397","PA14","cfu","treated",1e-05,8,0.003,2.67e+08,"R4",0
"398","PA14","cfu","treated",1e-05,7,0.003,2.33e+08,"R4",0
"399","PA14","cfu","treated",1e-05,8,0.003,2.67e+08,"R4",0
"400","PA14","cfu","untreated",1e-06,8,0.003,2.67e+09,"R4",0
"401","PA14","cfu","untreated",1e-06,15,0.003,5e+09,"R4",0
"402","PA14","cfu","untreated",1e-06,4,0.003,1.33e+09,"R4",0
"403","PA14","pfu","treated",1e-07,0,0.003,0,"R4",0
"404","PA14","pfu","treated",1e-07,0,0.003,0,"R4",0
"405","PA14","pfu","treated",1e-07,0,0.003,0,"R4",0
"406","PA14","pfu","untreated",1e-05,0,0.003,0,"R4",0
"407","PA14","pfu","untreated",1e-05,0,0.003,0,"R4",0
"408","PA14","pfu","untreated",1e-05,0,0.003,0,"R4",0
"409","PA14","cfu","treated",1e-05,9,0.003,3e+08,"R5",0
"410","PA14","cfu","treated",1e-05,4,0.003,1.33e+08,"R5",0
"411","PA14","cfu","treated",1e-05,7,0.003,2.33e+08,"R5",0
"412","PA14","cfu","untreated",1e-06,5,0.003,1.67e+09,"R5",0
"413","PA14","cfu","untreated",1e-06,8,0.003,2.67e+09,"R5",0
"414","PA14","cfu","untreated",1e-06,6,0.003,2e+09,"R5",0
"415","PA14","pfu","treated",1e-07,0,0.003,0,"R5",0
"416","PA14","pfu","treated",1e-07,0,0.003,0,"R5",0
"417","PA14","pfu","treated",1e-07,0,0.003,0,"R5",0
"418","PA14","pfu","untreated",1e-05,0,0.003,0,"R5",0
"419","PA14","pfu","untreated",1e-05,0,0.003,0,"R5",0
"420","PA14","pfu","untreated",1e-05,0,0.003,0,"R5",0
