Chromosome	OverlapRange	OverlapSequence	TotalSplits	TotalSplits_VirusCenter	RightSplits	LeftSplits	TotalConcordantSplits	TotalConcordantSplits_VirusCenter	TotalConcordantSenseVirusSplits	TotalConcordantAntisenseVirusSplits	RightConcordantSplits	LeftConcordantSplits
1	1048554-1048558	CGGAT	2	0	0	2	2	0	2	0	0	2
1	1756220-1756224	TCACC	2	0	2	0	2	0	0	2	2	0
1	2934003-2934007	AGGCT	207	0	207	0	102	0	36	66	102	0
1	2994541-2994545	ACCTT	191	0	0	191	71	0	0	71	0	71
1	389140-389144	TGATG	3	0	3	0	0	0	0	0	0	0
1	4660286-4660290	CCCGA	2	0	2	0	2	0	0	2	2	0
1	5655993-5655997	ACTAC	2	0	0	2	2	0	2	0	0	2
1	577598-577602	CTGAC	2	0	0	2	0	0	0	0	0	0
1	6440060-6440064	TCTGC	2	0	2	0	2	0	2	0	2	0
1	6501056-6501060	GGGGC	2	0	2	0	2	0	2	0	2	0
1	806165-806169	CCGAG	291	0	291	0	137	0	61	76	137	0
1	826108-826112	AGCAG	312	0	0	312	141	0	0	141	0	141
